task_id,episode_index,control_step,episode_success,phase,target_lag1_exact,target_lag1_prefix,previous_dflash_exact,previous_dflash_prefix,continuous_l2,action_norm,pixel_relative_l2,prompt_cosine,gripper_switch,distant_continuous_l2
0,0,1,True,early,0,0,,,0.14708420701843022,0.2361244959825087,0.006427724798034069,,0,0.778005660068973
0,0,2,True,early,0,0,,,0.14708420701843022,0.10722081866134438,0.021606430416519048,,0,0.6687398197129272
0,0,3,True,early,1,7,,,0.0,0.10722081866134438,0.024883523656025922,,0,2.1087222450020997
0,0,4,True,early,1,7,,,0.0,0.10722081866134438,0.01263563882665437,,0,2.098497089339883
0,0,5,True,early,0,1,,,0.07068037814203196,0.15167666969556182,0.006695287462001595,,0,2.0300017996016275
0,0,6,True,early,0,0,,,0.2528294067767882,0.2401304797803179,0.010364449696838281,,0,2.0442016098832676
0,0,7,True,early,0,0,,,0.10990264966694674,0.13965010006942646,0.010672465602165877,,0,2.0075460668453062
0,0,8,True,early,1,7,,,0.0,0.13965010006942646,0.017137861979275328,,0,2.0043103358155907
0,0,9,True,early,0,0,,,0.40169783676961646,0.5057361627454207,0.013674727425083322,,0,2.053767512222768
0,0,10,True,early,0,0,,,0.40169783676961646,0.13965010006942646,0.013322550035307816,,0,2.003541601857415
0,0,11,True,early,0,0,,,0.8899688500666559,0.9681568951934294,0.013000616968803225,,0,2.2109007358529276
0,0,12,True,early,1,7,,,0.0,0.9681568951934294,0.021508233070604257,,0,2.216590663590257
0,0,13,True,early,0,0,,,0.37413201601828755,0.6200397853997122,0.02277256551008248,,0,2.0754193893683928
0,0,14,True,early,0,0,,,0.5209755986041716,1.055260399913458,0.027559553513965326,,0,2.285140134628387
0,0,15,True,early,0,0,,,0.06531495197646972,1.0182630336643765,0.059764243253462496,,0,2.197420244069743
0,0,16,True,early,0,1,,,0.09151452561543491,1.061612052377603,0.07921567304091241,,0,2.225836104023299
0,0,17,True,early,0,0,,,0.06168332515620717,1.0655566075680514,0.041959503822928866,,0,2.328428378638657
0,0,18,True,early,0,2,,,0.022011367079831114,1.0670797813079724,0.03385823458741782,,0,2.346822525432384
0,0,19,True,early,0,0,,,0.1473877623967458,1.0797660585804054,0.07024179710662988,,0,2.3227180452092044
0,0,20,True,early,0,0,,,0.1501309701813166,1.0796611696627092,0.05895437694115726,,0,2.383894484872628
0,0,21,True,early,0,0,,,0.16745920358561267,1.0280963956031541,0.07684794241210884,,0,2.287020343183874
0,0,22,True,early,0,1,,,0.12244858193214325,1.0724700798074471,0.058262308041024766,,0,2.2406540214533366
0,0,23,True,early,0,1,,,0.19168942846154777,1.0173319351956673,0.10223343747763666,,0,2.1776629669016647
0,0,24,True,early,0,0,,,0.8638178974594114,1.2724549285579898,0.10107515382992852,,0,2.578845159632784
0,0,25,True,early,0,1,,,0.06814373897455371,1.2540847937405444,0.0736792508098869,,0,2.5702279827698815
0,0,26,True,early,0,0,,,0.2058156291262124,1.1887920715978963,0.10969449755627919,,0,2.3941169312733077
0,0,27,True,early,0,0,,,0.280976287545469,1.069727232065203,0.09541784764857922,,0,2.232459851514263
0,0,28,True,early,0,0,,,0.2042395473049267,1.0316621879320433,0.11942886445368044,,0,2.23602243647955
0,0,29,True,middle,0,0,,,0.15378259664551389,0.9887535225106912,0.1253530481648229,,0,2.3098902671523605
0,0,30,True,middle,0,0,,,0.21989571446378306,0.9665852502215904,0.08263770121097817,,0,2.337330200152862
0,0,31,True,middle,0,0,,,0.20737795084769953,0.9414226013538616,0.11245000342483809,,0,2.336554285765314
0,0,32,True,middle,0,1,,,0.12434402729059117,0.935075559315409,0.1262506039243409,,0,2.0861530152628536
0,0,33,True,middle,0,0,,,0.30903125810916016,0.9821326896645445,0.10828280175731504,,0,2.0780790019540873
0,0,34,True,middle,0,0,,,0.7150883331251651,1.2371352209356505,0.11533416238635186,,0,2.2353213032218378
0,0,35,True,middle,0,0,,,0.18483102003938637,1.227285327632623,0.11904930570344055,,0,2.1532577104989787
0,0,36,True,middle,0,0,,,0.25587392690136584,1.0876040985908009,0.11080485459176351,,0,2.0770469724657277
0,0,37,True,middle,1,7,,,0.0,1.0876040985908009,0.10155694506212903,,0,2.0342291374980888
0,0,38,True,middle,0,0,,,0.07669123726469274,1.0637665478205287,0.08266871297849634,,0,2.0294689245443847
0,0,39,True,middle,0,0,,,0.07753845859046282,1.0734384368628782,0.11754408407628537,,0,2.038467522711967
0,0,40,True,middle,0,0,,,0.11340609713574541,1.0293780874968221,0.08411474120063554,,0,2.089277200412032
0,0,41,True,middle,0,0,,,0.6511723842248032,1.1848949823974213,0.0980808856242944,,0,2.004017490946853
0,0,42,True,middle,0,0,,,0.7720775590689579,0.8179736372567027,0.06676861059251382,,0,2.1137221583146295
0,0,43,True,middle,0,1,,,0.14135510176107555,0.7358792232523766,0.08084448947801547,,0,0.7411826351564018
0,0,44,True,middle,0,2,,,0.07331932759752469,0.6625607116823016,0.10514201727016789,,0,0.7085752678098342
0,0,45,True,middle,0,0,,,2.0095076325001027,0.6628337134342548,0.07288589219457445,,1,2.1087222450020997
0,0,46,True,middle,0,0,,,0.04403584862834114,0.6294264764282488,0.08933669397742643,,0,2.098497089339883
0,0,47,True,middle,0,2,,,0.37582533617927166,0.30639582591581027,0.05778601867211942,,0,2.025657475534382
0,0,48,True,middle,0,0,,,0.19379346585398452,0.20667163571120123,0.04090428778880791,,0,2.0175158702252287
0,0,49,True,middle,0,1,,,0.20705216495871268,0.0793483816630965,0.018815531651370065,,0,2.0170484340014387
0,0,50,True,middle,0,2,,,0.07442892526758475,0.03572892447876568,0.019249383470433763,,0,2.0043103358155907
0,0,51,True,middle,0,2,,,0.08151550713379217,0.10755944557550551,0.03378936046238375,,0,2.0027352286916944
0,0,52,True,middle,0,1,,,0.06746373579587472,0.17109379198483005,0.03741704145263042,,0,2.051662421151964
0,0,53,True,middle,0,1,,,0.09510253641917059,0.2623715377663507,0.02715524337526207,,0,2.0085787142096843
0,0,54,True,middle,0,1,,,0.060563526514372135,0.3195567124094484,0.03157207594122492,,0,2.216590663590257
0,0,55,True,middle,0,0,,,0.05424796275170504,0.3365759506325073,0.03595482301831071,,0,2.2031971216613266
0,0,56,True,middle,0,0,,,0.3329825000112872,0.6599253934088593,0.031080551131884945,,0,2.0949579927200475
0,0,57,True,late,0,0,,,0.29188775386296434,0.49505432996875337,0.10139001659019856,,0,2.205464803145692
0,0,58,True,late,0,0,,,0.16271366741491136,0.6501064358089782,0.08103874507639859,,0,2.2106757420516314
0,0,59,True,late,0,0,,,0.3011265974264579,0.8072792815779539,0.06795135431041083,,0,2.306826329155064
0,0,60,True,late,0,0,,,0.08985121302760252,0.8897146020111218,0.13319458568778475,,0,2.33838766234878
0,0,61,True,late,0,0,,,0.15339711725536825,1.0283901742811266,0.12261026100201992,,0,2.362832131334662
0,0,62,True,late,1,7,,,0.0,1.0283901742811266,0.08107846552953317,,0,2.3227180452092044
0,0,63,True,late,0,0,,,0.1331713861856753,1.0894242184356357,0.13966688240437242,,0,2.3527371311877556
0,0,64,True,late,0,0,,,0.15862410360923998,1.1064336007282145,0.10199477444806508,,0,2.2419447477422967
0,0,65,True,late,0,0,,,0.27925037902390476,0.9295412614917707,0.06873980231605802,,0,2.170253788273098
0,0,66,True,late,1,7,,,0.0,0.9295412614917707,0.0468177323888691,,0,2.1776629669016647
0,0,67,True,late,1,7,,,0.0,0.9295412614917707,0.06452630976347042,,0,2.578845159632784
0,0,68,True,late,0,0,,,0.40337140702712254,0.9881747774611157,0.06326574520150166,,0,2.424940028130798
0,0,69,True,late,0,0,,,0.5368852655550836,0.7625008663909546,0.037829049850620834,,0,2.209680790328195
0,0,70,True,late,0,3,,,0.06052157219290893,0.7652288897544133,0.07770542228355602,,0,2.234023818012435
0,0,71,True,late,0,0,,,0.18749456992897864,0.9236188042107009,0.04903415081726167,,0,2.2851395395004275
0,0,72,True,late,0,0,,,0.06314205200214752,0.9343541327441105,0.06528002040959324,,0,2.292756010246667
0,0,73,True,late,0,1,,,0.1857609187365662,0.9532000424293672,0.09834620921056708,,0,2.272580581169652
0,0,74,True,late,0,0,,,0.7179990137213593,0.965312558906498,0.11776865485973588,,0,2.0881267012573033
0,0,75,True,late,0,0,,,0.16839003417865672,0.999056618161614,0.12242417259544991,,0,2.052260731013088
0,0,76,True,late,0,0,,,0.24767671530370175,0.9584435821814319,0.14608403015245733,,0,2.0359005736674995
0,0,77,True,late,0,0,,,0.21827234516724756,0.9364282747717931,0.127907797762313,,0,2.158431189671468
0,0,78,True,late,0,3,,,0.0041386555222903965,0.9367448739096846,0.16237591371367263,,0,2.153395322013382
0,0,79,True,late,0,0,,,0.4864317045684659,1.0540362525268356,0.1616299390602359,,0,2.0342291374980888
0,0,80,True,late,0,0,,,0.06776892253606365,1.0551547034370132,0.1470644593653562,,0,2.0362176015571425
0,0,81,True,late,0,0,,,0.15785315428718572,0.972472984446424,0.09726198596615573,,0,2.029857162379117
0,0,82,True,late,0,0,,,0.26722532902924706,1.172970401031634,0.11810287552546064,,0,2.08115478379032
0,0,83,True,late,0,0,,,0.0935972010193156,1.196743688415225,0.11406616541342957,,0,2.0911538860100944
0,0,84,True,late,0,0,,,0.2930214999898434,0.9300603012665423,0.08899369437970552,,0,2.023672656131746
0,1,1,False,early,1,7,,,0.0,0.22959240445636103,0.011090552388119481,,0,2.032914667304856
0,1,2,False,early,0,0,,,0.24344218283380617,0.4537816912487975,0.02128943805027881,,0,2.0734326682689526
0,1,3,False,early,0,0,,,0.3612390080872075,0.1575776573433211,0.03565223622114348,,0,2.0842397796601078
0,1,4,False,early,0,0,,,0.19454606189055376,0.10721799665757478,0.02022543611503538,,0,2.132295849831548
0,1,5,False,early,0,1,,,0.10250000158945716,0.006136882975431212,0.019710622528356002,,0,2.172954181910594
0,1,6,False,early,0,0,,,0.1622507590409615,0.16158446969692017,0.013202376477544197,,0,2.214665693727107
0,1,7,False,early,0,1,,,0.04452142665356264,0.16128278109062527,0.00826866001456235,,0,2.2009852903425107
0,1,8,False,early,0,1,,,0.10964549127328443,0.20397331183686493,0.013634230647040361,,0,2.173638342231753
0,1,9,False,early,0,0,,,0.22492715309466177,0.029539338920116124,0.015437351131366118,,0,2.281158189687146
0,1,10,False,early,1,7,,,0.0,0.029539338920116124,0.007405942421108543,,0,2.19639099194622
0,1,11,False,early,1,7,,,0.0,0.029539338920116124,0.01390064527397225,,0,2.263193788219223
0,1,12,False,early,1,7,,,0.0,0.029539338920116124,0.004560910452977602,,0,2.2631921231984444
0,1,13,False,early,1,7,,,0.0,0.029539338920116124,0.003776194514576595,,0,2.1169917293861014
0,1,14,False,early,1,7,,,0.0,0.029539338920116124,0.008808232719053937,,0,2.154655449337369
0,1,15,False,early,1,7,,,0.0,0.029539338920116124,0.00416471523493619,,0,2.2268341644646963
0,1,16,False,early,1,7,,,0.0,0.029539338920116124,0.005073985143712241,,0,2.138564172294094
0,1,17,False,early,1,7,,,0.0,0.029539338920116124,0.003456371510334957,,0,2.210270821217528
0,1,18,False,early,1,7,,,0.0,0.029539338920116124,0.003003002192883092,,0,2.208880555775361
0,1,19,False,early,1,7,,,0.0,0.029539338920116124,0.005186834573822898,,0,2.2602200071088276
0,1,20,False,early,1,7,,,0.0,0.029539338920116124,0.008722060637269142,,0,2.259070072696855
0,1,21,False,early,1,7,,,0.0,0.029539338920116124,0.0048016902046495325,,0,2.30765752690986
0,1,22,False,early,1,7,,,0.0,0.029539338920116124,0.006711526126978049,,0,2.3081426838572168
0,1,23,False,early,1,7,,,0.0,0.029539338920116124,0.004091226639962336,,0,2.3082296529255135
0,1,24,False,early,1,7,,,0.0,0.029539338920116124,0.0030298240141142805,,0,2.0936683765756565
0,1,25,False,early,1,7,,,0.0,0.029539338920116124,0.008678149276206661,,0,2.0954573544556934
0,1,26,False,early,1,7,,,0.0,0.029539338920116124,0.004453282337924438,,0,2.029648556522528
0,1,27,False,early,1,7,,,0.0,0.029539338920116124,0.006250730620002961,,0,2.029648556522528
0,1,28,False,early,1,7,,,0.0,0.029539338920116124,0.004623019113085548,,0,2.06854125147276
0,1,29,False,early,1,7,,,0.0,0.029539338920116124,0.003788593557120144,,0,2.06854125147276
0,1,30,False,early,1,7,,,0.0,0.029539338920116124,0.0034242196310754446,,0,0.1699021799270172
0,1,31,False,early,1,7,,,0.0,0.029539338920116124,0.007339559605350523,,0,0.12317179945134261
0,1,32,False,early,1,7,,,0.0,0.029539338920116124,0.010026215245923242,,0,2.0288496706564283
0,1,33,False,early,0,0,,,0.039599369680180296,0.010651693704581832,0.005752692867433551,,0,0.35371287849718963
0,1,34,False,early,0,0,,,0.039599369680180296,0.029539338920116124,0.006095470426010079,,0,0.3532749039525959
0,1,35,False,early,1,7,,,0.0,0.029539338920116124,0.002518360457496452,,0,0.0659347496597945
0,1,36,False,early,0,0,,,0.11291856024534334,0.10406507830522901,0.011447606671262647,,0,0.4829345144999493
0,1,37,False,early,1,7,,,0.0,0.10406507830522901,0.009064495748733806,,0,1.1317750790912133
0,1,38,False,early,0,0,,,0.11291856024534334,0.029539338920116124,0.011551722519450441,,0,0.930973875479936
0,1,39,False,early,1,7,,,0.0,0.029539338920116124,0.011213565164527983,,0,0.9051022378095829
0,1,40,False,early,1,7,,,0.0,0.029539338920116124,0.010058861901850671,,0,0.6484525292801252
0,1,41,False,early,0,0,,,0.11291856024534334,0.10406507830522901,0.01228585979866583,,0,0.8307565682710502
0,1,42,False,early,1,7,,,0.0,0.10406507830522901,0.008762908764200826,,0,0.7383631364486816
0,1,43,False,early,1,7,,,0.0,0.10406507830522901,0.012368546608609995,,0,0.737033532151654
0,1,44,False,early,1,7,,,0.0,0.10406507830522901,0.009377797620665273,,0,0.5703484447670998
0,1,45,False,early,0,2,,,0.17381448437159422,0.2546890350711537,0.016471342884776956,,0,0.18792887879876471
0,1,46,False,early,0,2,,,0.17381448437159422,0.10406507830522901,0.026360871230164753,,0,0.6205796747107908
0,1,47,False,early,0,2,,,0.1686344534743065,0.26084040208797643,0.0262535033052913,,0,0.9182425830899833
0,1,48,False,early,0,4,,,0.015042016319200102,0.2578718054099563,0.013687714785360839,,0,0.8928929780698251
0,1,49,False,early,0,0,,,0.34365559950621877,0.22570126808194554,0.03502438687686291,,0,0.7651736941882674
0,1,50,False,early,0,0,,,0.20118389386993052,0.035020621257303985,0.010983785016482632,,0,0.7291020887077682
0,1,51,False,early,1,7,,,0.0,0.035020621257303985,0.004360598419538883,,0,0.6305253022921539
0,1,52,False,early,0,0,,,0.10280050942941342,0.09320844773556307,0.0035417087997883755,,0,0.4444006291681562
0,1,53,False,early,1,7,,,0.0,0.09320844773556307,0.0048371075786793095,,0,0.6395968613995666
0,1,54,False,early,0,0,,,0.6811343561452836,0.6968100636356179,0.006656545954015411,,0,0.7831537192078846
0,1,55,False,early,0,0,,,0.7239361102339502,0.029539338920116124,0.01183727221379455,,0,0.3716175582729912
0,1,56,False,early,0,0,,,0.11291856024534334,0.10406507830522901,0.008690367553636948,,0,0.2916480069989032
0,1,57,False,early,1,7,,,0.0,0.10406507830522901,0.012342714999925777,,0,1.2810241083381215
0,1,58,False,early,1,7,,,0.0,0.10406507830522901,0.00678649277547609,,0,1.2810241083381215
0,1,59,False,early,0,0,,,0.10926292390256118,0.023082634963866498,0.010352471111738941,,0,1.1965382188677742
0,1,60,False,early,1,7,,,0.0,0.023082634963866498,0.008293614611541586,,0,0.29600562660586555
0,1,61,False,early,0,0,,,0.8805515654429572,0.8934639176097633,0.01812957284557829,,0,0.9087431359136293
0,1,62,False,early,0,0,,,0.3007745802330848,0.6791464750692425,0.011377362399688363,,0,1.7689519044835535
0,1,63,False,early,1,7,,,0.0,0.6791464750692425,0.022075292559560346,,0,1.367055395073569
0,1,64,False,early,0,0,,,0.12762898830590355,0.6968100636356179,0.010127329189265087,,0,1.3453056483280477
0,1,65,False,early,0,0,,,0.2831411005157309,0.9157033070316747,0.025151078381187457,,0,2.2319873330062356
0,1,66,False,early,0,0,,,0.16489031573358146,0.9465057517695721,0.050436805548040434,,0,2.247407457578626
0,1,67,False,early,0,0,,,0.11779253769391025,1.0092349573014245,0.06364502651792839,,0,1.0881775964649645
0,1,68,False,early,0,1,,,0.09139351885043513,1.0486884004411439,0.04916094790459983,,0,1.0929254696708504
0,1,69,False,early,0,0,,,0.15985979139707346,1.0581808789629543,0.03682753625966112,,0,2.29090159842289
0,1,70,False,early,0,0,,,0.14070374500805127,1.0711192826873437,0.03524526934835353,,0,2.3068251398307797
0,1,71,False,early,0,2,,,0.05273326838702471,1.0729152478143789,0.04283380518833488,,0,2.3106739099057974
0,1,72,False,early,0,2,,,0.2498742031857227,1.087817710577384,0.06866099187615106,,0,1.2048944524564416
0,1,73,False,early,0,1,,,0.188311084958306,1.0926674808553742,0.11030776847999103,,0,1.408570664242232
0,1,74,False,middle,0,1,,,0.07851214585070748,1.054088084093847,0.06582115072714582,,0,2.3928579665548586
0,1,75,False,middle,0,1,,,0.3080544333941949,1.0469766720321423,0.08616329180633436,,0,2.3277563267955945
0,1,76,False,middle,0,1,,,0.08880572898463186,1.0788035163224425,0.10933354137673085,,0,1.1319053324828938
0,1,77,False,middle,0,1,,,0.254657276237704,1.1145413350978925,0.0968491626462486,,0,1.2210297794295848
0,1,78,False,middle,0,1,,,0.037364418851187395,1.1126928330300137,0.045493577609277115,,0,1.2173027899669333
0,1,79,False,middle,0,1,,,0.11674747123155421,1.1417456398459063,0.10116795354252983,,0,2.3741726088128288
0,1,80,False,middle,0,0,,,0.4028897268998412,1.1755466310067237,0.11769041303300144,,0,2.296133897800245
0,1,81,False,middle,0,0,,,0.0907647303718082,1.1654564670287877,0.13838009011499078,,0,2.257953880615494
0,1,82,False,middle,0,0,,,0.13607171483374572,1.1333891138762253,0.11835577476421524,,0,2.3518997465714406
0,1,83,False,middle,0,0,,,0.2984881789037843,1.0707853281090833,0.13592938745907607,,0,2.307778613009467
0,1,84,False,middle,0,0,,,0.34630352127255326,0.9966212684108608,0.12744083491846422,,0,2.5144297596177685
0,1,85,False,middle,0,0,,,0.14045694761822403,0.9887588229463916,0.1597352031766014,,0,2.2619939726123723
0,1,86,False,middle,0,0,,,0.13115922778928876,0.9814753686892709,0.15188430738959666,,0,2.2501379841547187
0,1,87,False,middle,0,0,,,0.27743831087190635,0.9413832622111943,0.10209755094078769,,0,2.231954859167695
0,1,88,False,middle,0,0,,,0.42148815696486225,0.992611909946683,0.1362878530357002,,0,2.246911286934503
0,1,89,False,middle,1,7,,,0.0,0.992611909946683,0.1383486529585636,,0,2.351085762946797
0,1,90,False,middle,0,0,,,0.17850661870472836,1.0443933833350139,0.1136842925326071,,0,2.370105907180888
0,1,91,False,middle,0,1,,,0.05031925896035177,1.0350315125871545,0.1120157838008807,,0,2.4272641508204695
0,1,92,False,middle,0,0,,,0.09370649739106106,1.0604417878416095,0.1253997995544509,,0,2.4384141450302543
0,1,93,False,middle,0,0,,,0.17054688364899254,1.123204989437,0.13599907456545846,,0,2.70765522916537
0,1,94,False,middle,0,0,,,0.15997390718840057,1.0633722220355546,0.10299912050299552,,0,2.7872233809514815
0,1,95,False,middle,0,1,,,0.22784092392263683,1.0500382328391955,0.11579153011260099,,0,2.8010233741788424
0,1,96,False,middle,0,0,,,0.2916708950260646,1.1886773387381577,0.11050451646894864,,0,2.909958475863875
0,1,97,False,middle,0,1,,,0.06233788754333944,1.1971678986030845,0.08696488994104394,,0,2.701125962864042
0,1,98,False,middle,0,0,,,0.13126470945238583,1.1277981446560208,0.07960932614969145,,0,2.637415985969621
0,1,99,False,middle,0,0,,,2.0161117339499874,0.8900522110065725,0.056084391024196205,,1,1.5877418227193947
0,1,100,False,middle,0,0,,,0.18406399700507803,0.8374948755560122,0.1140306637879463,,0,1.7799013359724836
0,1,101,False,middle,0,0,,,0.3125037075675562,0.5391669531098677,0.07937346266981107,,0,1.2568412977896428
0,1,102,False,middle,0,2,,,0.11372510349200451,0.5619080523105447,0.05706580005023032,,0,1.2737121670338494
0,1,103,False,middle,0,0,,,0.16183816071051954,0.4622172689949378,0.045379908318687025,,0,0.9142898930151192
0,1,104,False,middle,0,0,,,0.1065284583013756,0.5569965579594658,0.05187548387763979,,0,0.8702261883825249
0,1,105,False,middle,0,0,,,0.4487757870238532,0.12007660346508739,0.021907093871343864,,0,0.661648300440734
0,1,106,False,middle,0,0,,,0.18310585047991035,0.28253529991466386,0.04050083823301377,,0,0.8576815146640561
0,1,107,False,middle,0,0,,,0.422166691795749,0.23703269955946404,0.038489066870825664,,0,0.7343469158783742
0,1,108,False,middle,0,1,,,0.35677827652993377,0.36230408582101664,0.02951205423377807,,0,0.3685842414183003
0,1,109,False,middle,0,1,,,0.10387324985827977,0.4503450640694136,0.051007400601600444,,0,0.45452875148417343
0,1,110,False,middle,0,1,,,0.16055072304920423,0.34823068098789056,0.09302226895632947,,0,2.0272629703544114
0,1,111,False,middle,0,1,,,0.041403992540037314,0.3684106749891561,0.07682826705003751,,0,2.032914667304856
0,1,112,False,middle,0,1,,,0.2858084890315925,0.2630620855980833,0.044776909955915774,,0,2.0734326682689526
0,1,113,False,middle,0,0,,,0.5402374003708352,0.7061854861902885,0.037678437596493454,,0,2.0842397796601078
0,1,114,False,middle,0,5,,,0.02070588224074421,0.7101170729446298,0.05474801562737577,,0,2.132295849831548
0,1,115,False,middle,0,0,,,0.24980694133309486,0.8456569455996767,0.07574734859856595,,0,2.172954181910594
0,1,116,False,middle,0,0,,,0.23556567271243106,1.0488154190324168,0.06869129136494896,,0,2.214665693727107
0,1,117,False,middle,1,7,,,0.0,1.0488154190324168,0.11110362960596042,,0,2.2009852903425107
0,1,118,False,middle,0,0,,,0.27005696315231226,0.9457354919953818,0.11529461866477159,,0,2.173638342231753
0,1,119,False,middle,0,0,,,0.18179603709989323,1.0731144124738752,0.0669033849265501,,0,2.281158189687146
0,1,120,False,middle,0,2,,,1.045155331737047,0.8817818942108249,0.0547702796703943,,0,2.19639099194622
0,1,121,False,middle,0,0,,,0.18337629253067006,1.0337537188768502,0.05498850238550385,,0,2.263193788219223
0,1,122,False,middle,0,3,,,0.009105042149038872,1.0337496480565913,0.13527666894547186,,0,2.2631921231984444
0,1,123,False,middle,0,0,,,0.8355849531116603,0.6668957908121421,0.08715256045246655,,0,2.1169917293861014
0,1,124,False,middle,0,0,,,0.5851268810239357,0.7749189498950443,0.12451340734658406,,0,2.154655449337369
0,1,125,False,middle,0,0,,,0.6818540938493911,0.968225584143072,0.0737677745034204,,0,2.2268341644646963
0,1,126,False,middle,0,0,,,0.5336856930317908,0.7624333502371049,0.09442887294606024,,0,2.138564172294094
0,1,127,False,middle,0,0,,,0.22505967938718155,0.943300013946673,0.1691745436654533,,0,2.210270821217528
0,1,128,False,middle,0,1,,,0.07838235415664374,0.9399222101369968,0.09744696664169539,,0,2.208880555775361
0,1,129,False,middle,0,0,,,0.6164839799284393,1.0715820305869408,0.1632595357883664,,0,2.2602200071088276
0,1,130,False,middle,0,3,,,0.1328809260753399,1.069148636643666,0.10166446029599888,,0,2.259070072696855
0,1,131,False,middle,0,0,,,0.15715758318976636,1.171696937653889,0.06316624469148113,,0,2.30765752690986
0,1,132,False,middle,0,3,,,0.04981626578783203,1.1726563492239972,0.09054872044381011,,0,2.3081426838572168
0,1,133,False,middle,0,3,,,0.006303781430448112,1.172828143274031,0.1401618724369449,,0,2.3082296529255135
0,1,134,False,middle,0,0,,,0.5612383557531482,0.6417919850772669,0.10312236084742701,,0,2.0936683765756565
0,1,135,False,middle,0,3,,,0.17717090910821473,0.647606944560699,0.05241244789402379,,0,2.0954573544556934
0,1,136,False,middle,0,0,,,0.487603337127437,0.37018169048199434,0.06408472576015277,,0,2.029648556522528
0,1,137,False,middle,1,7,,,0.0,0.37018169048199434,0.043146216493120566,,0,2.029648556522528
0,1,138,False,middle,0,0,,,0.3862394385869441,0.5537118034858131,0.05888569313921629,,0,2.06854125147276
0,1,139,False,middle,1,7,,,0.0,0.5537118034858131,0.039714240101383094,,0,2.06854125147276
0,1,140,False,middle,0,0,,,2.0658833473337586,0.19107992169002924,0.033701151540232205,,1,0.1699021799270172
0,1,141,False,middle,0,0,,,0.20598032042189482,0.11822713643054308,0.049494848562140994,,0,0.12317179945134261
0,1,142,False,middle,0,0,,,2.031730611613511,0.3638311699296429,0.070994013873217,,1,2.0288496706564283
0,1,143,False,middle,0,0,,,2.0880321679944474,0.3506142491551644,0.04962321685395706,,1,0.35371287849718963
0,1,144,False,middle,0,5,,,0.009058823480325578,0.3494285182992892,0.07991698203351047,,0,0.3532749039525959
0,1,145,False,middle,0,2,,,0.34664731602723176,0.05916334149899881,0.10138459731506932,,0,0.0659347496597945
0,1,146,False,middle,0,1,,,0.5681716659280139,0.5629659272540326,0.04767702965475472,,0,0.4829345144999493
0,1,147,False,late,0,0,,,1.5012700979134068,1.0558845787981896,0.04193565399719632,,0,1.1317750790912133
0,1,148,False,late,0,0,,,1.830220599668458,0.9279362938451764,0.038204127593937626,,0,0.930973875479936
0,1,149,False,late,0,2,,,0.055061606677741244,0.902049947441561,0.05507339735009982,,0,0.9051022378095829
0,1,150,False,late,0,0,,,1.5311775898048339,0.6524938028684052,0.08084999921805246,,0,0.6484525292801252
0,1,151,False,late,0,0,,,0.08787000695738154,0.732235023226549,0.08588072304814712,,0,0.8307565682710502
0,1,152,False,late,0,0,,,0.09813231590269789,0.6410336318898882,0.08017149847824334,,0,0.7383631364486816
0,1,153,False,late,0,4,,,0.004512604895759997,0.6399158197300967,0.05640420239686077,,0,0.737033532151654
0,1,154,False,late,0,1,,,1.2526962342584687,0.644461521358327,0.06540718466170388,,0,0.5703484447670998
0,1,155,False,late,0,0,,,0.5447035676253741,0.16405536740006577,0.03429722979175315,,0,0.18792887879876471
0,1,156,False,late,0,2,,,0.5954834739963235,0.7076265297945701,0.026664074246792745,,0,0.6205796747107908
0,1,157,False,late,0,0,,,1.3372269629149838,0.6681285008639168,0.0509538726619649,,0,0.9182425830899833
0,1,158,False,late,0,4,,,0.17708298301973346,0.6395498572225154,0.02699026478895963,,0,0.8928929780698251
0,1,159,False,late,0,0,,,1.3541130875920566,0.7232843874330251,0.04561123309124841,,0,0.7651736941882674
0,1,160,False,late,0,4,,,0.09914505012652966,0.7256110077866696,0.02419340221257386,,0,0.7291020887077682
0,1,161,False,late,0,0,,,1.3519236747518875,0.6395498572225154,0.05429195410783886,,0,0.6305253022921539
0,1,162,False,late,0,1,,,1.1413596688600254,0.5324400790389998,0.03746447239143879,,0,0.4444006291681562
0,1,163,False,late,0,0,,,0.22444126300764256,0.7309643455268638,0.029833846775184924,,0,0.6395968613995666
0,1,164,False,late,0,0,,,0.4093955433527335,0.33822868752788987,0.1240786186435226,,0,0.7831537192078846
0,1,165,False,late,0,0,,,0.08040174331175397,0.37200048548945724,0.08171392152764362,,0,0.3716175582729912
0,1,166,False,late,0,1,,,0.11232412322421423,0.34462204146514636,0.10145628561844745,,0,0.2916480069989032
0,1,167,False,late,0,0,,,1.4372312437302222,1.2002222707426906,0.12196189733649776,,0,1.2810241083381215
0,1,168,False,late,1,7,,,0.0,1.2002222707426906,0.026490900048547667,,0,1.2810241083381215
0,1,169,False,late,1,7,,,0.0,1.2002222707426906,0.11107436206711861,,0,1.1965382188677742
0,1,170,False,late,0,0,,,1.4012402602088552,0.2938951071411998,0.07279399801770291,,0,0.29600562660586555
0,1,171,False,late,1,7,,,0.0,0.2938951071411998,0.04090101803877605,,0,0.9087431359136293
0,1,172,False,late,0,0,,,1.4012402602088552,1.2002222707426906,0.06378654697393638,,0,1.7689519044835535
0,1,173,False,late,0,0,,,0.4767887072427839,0.8175650638535237,0.03258053580783847,,0,1.367055395073569
0,1,174,False,late,0,1,,,0.20427780420757874,0.8398381941940263,0.09398785234986576,,0,1.3453056483280477
0,1,175,False,late,0,0,,,2.154970893998963,0.09200052272912614,0.07355461414479698,,1,2.2319873330062356
0,1,176,False,late,0,4,,,0.03673143730314269,0.10686627124783986,0.046646017413581854,,0,2.247407457578626
0,1,177,False,late,0,2,,,2.0075112992368846,0.20525240811253617,0.04305441651653139,,1,1.0881775964649645
0,1,178,False,late,0,0,,,0.19609928862750708,0.189418864129765,0.043739590176885314,,0,1.0929254696708504
0,1,179,False,late,0,4,,,2.0026396841266623,0.1766802621022589,0.035966566755349885,,1,2.29090159842289
0,1,180,False,late,0,1,,,0.2941105623229059,0.14568358688123897,0.08647293764806786,,0,2.3068251398307797
0,1,181,False,late,0,5,,,0.0517647056018605,0.15456468712895347,0.01892544100903068,,0,2.3106739099057974
0,1,182,False,late,0,0,,,2.0217365831714775,0.1927558338038807,0.03376519221603701,,1,1.2048944524564416
0,1,183,False,late,0,0,,,0.7408786530741696,0.8867340658778882,0.03523374681410572,,0,1.408570664242232
0,1,184,False,late,0,0,,,2.38233624151772,0.4497604008324277,0.07949524791108437,,1,2.3928579665548586
0,1,185,False,late,0,0,,,0.5863363809450467,0.21659937697897894,0.033934261466179214,,0,2.3277563267955945
0,1,186,False,late,0,0,,,2.0051037641262743,0.2075674199894271,0.013841827624544696,,1,1.1319053324828938
0,1,187,False,late,0,2,,,0.0565917935925316,0.2215373968761574,0.02350699342756494,,0,1.2210297794295848
0,1,188,False,late,1,7,,,0.0,0.2215373968761574,0.03627324526834942,,0,1.2173027899669333
0,1,189,False,late,0,0,,,2.0075085222110802,0.2098891218699623,0.05328610654553524,,1,2.3741726088128288
0,1,190,False,late,0,0,,,0.6186113094653711,0.5060907480550565,0.027814958498849223,,0,2.296133897800245
0,1,191,False,late,0,1,,,0.1673121976512665,0.5344754261159591,0.0237397431264169,,0,2.257953880615494
0,1,192,False,late,0,0,,,0.49053060883926153,0.20036326577012722,0.028107334312678315,,0,2.3518997465714406
0,1,193,False,late,0,4,,,0.0030084032638400537,0.20047552948073918,0.03346867594117533,,0,2.307778613009467
0,1,194,False,late,0,0,,,0.5494222266784462,0.5532916559476889,0.020983666240492912,,0,2.5144297596177685
0,1,195,False,late,0,0,,,0.4712115644211183,0.12657074428573956,0.06107014226179582,,0,2.2619939726123723
0,1,196,False,late,0,1,,,0.16771810925247535,0.1277599860611975,0.03458356093211665,,0,2.2501379841547187
0,1,197,False,late,0,4,,,0.024067226110720152,0.10470291990862426,0.016411125182198897,,0,2.231954859167695
0,1,198,False,late,0,4,,,0.007521008159599996,0.11186254907238896,0.013352526350010342,,0,2.246911286934503
0,1,199,False,late,0,1,,,0.3033287592235379,0.3044251478413495,0.012010982944923133,,0,2.351085762946797
0,1,200,False,late,0,5,,,0.06988235256251166,0.2694726313704298,0.014682277390581817,,0,2.370105907180888
0,1,201,False,late,0,2,,,0.11731092415603928,0.3797851697236789,0.02422904785494661,,0,2.4272641508204695
0,1,202,False,late,1,7,,,0.0,0.3797851697236789,0.030388759438292633,,0,2.4384141450302543
0,1,203,False,late,0,0,,,0.4093178621147967,0.7492229571186243,0.06737014444883116,,0,2.70765522916537
0,1,204,False,late,0,0,,,0.3464053079864704,0.9194844633419392,0.08207419978810539,,0,2.7872233809514815
0,1,205,False,late,0,0,,,0.3909133553961067,0.9350680427656817,0.10048897046768349,,0,2.8010233741788424
0,1,206,False,late,1,7,,,0.0,0.9350680427656817,0.09431239795092147,,0,2.909958475863875
0,1,207,False,late,0,0,,,0.7420072147933806,0.7894107166589696,0.08310581007110501,,0,2.701125962864042
0,1,208,False,late,1,7,,,0.0,0.7894107166589696,0.029099413588252174,,0,2.637415985969621
0,1,209,False,late,0,0,,,0.47752697319728526,0.734976343888618,0.04481649743865626,,0,1.5877418227193947
0,1,210,False,late,0,0,,,0.3323213804197279,0.9521056414916081,0.038259796290539064,,0,1.7799013359724836
0,1,211,False,late,0,0,,,0.3255396597848196,0.7273767930513109,0.04204799965716246,,0,1.2568412977896428
0,1,212,False,late,1,7,,,0.0,0.7273767930513109,0.05893308385831247,,0,1.2737121670338494
0,1,213,False,late,0,0,,,0.47723282974460635,0.6001410874906419,0.019670795592597445,,0,0.9142898930151192
0,1,214,False,late,0,1,,,0.7397862109608639,0.9446080808242732,0.045669203514218215,,0,0.8702261883825249
0,1,215,False,late,0,0,,,0.7395052574397604,0.6291389846196265,0.08148248002377509,,0,0.661648300440734
0,1,216,False,late,0,0,,,0.9597151979526282,1.0286042691735975,0.10356698718414425,,0,0.8576815146640561
0,1,217,False,late,0,0,,,0.48827388738356026,0.5584068649288767,0.11926861226728384,,0,0.7343469158783742
0,1,218,False,late,0,0,,,0.5733001299208746,0.05599184751048012,0.1145985756376774,,0,0.3685842414183003
0,1,219,False,late,0,5,,,0.02070588224074421,0.06098668495354911,0.09326034828101738,,0,0.45452875148417343
0,2,1,True,early,1,7,,,0.0,0.017177063799044153,0.003297276645106722,,0,1.1311808495839868
0,2,2,True,early,1,7,,,0.0,0.017177063799044153,0.003974908033498666,,0,2.285929410450151
0,2,3,True,early,1,7,,,0.0,0.017177063799044153,0.004260383863320491,,0,2.1738916518026565
0,2,4,True,early,1,7,,,0.0,0.017177063799044153,0.003089586453365255,,0,2.105622003657534
0,2,5,True,early,1,7,,,0.0,0.017177063799044153,0.0036674798143423375,,0,2.048429182008949
0,2,6,True,early,0,0,,,0.3962661703227182,0.4016531653052158,0.003614263624493361,,0,2.032134040856996
0,2,7,True,early,0,0,,,0.39923661558073964,0.011401869116484525,0.019094977674707424,,0,2.0053965660283617
0,2,8,True,early,0,0,,,0.48531064138929697,0.4881901287806287,0.010234776495126927,,0,2.046392526302912
0,2,9,True,early,0,0,,,0.22206057208851118,0.6624779848949606,0.02630629887016527,,0,2.0853551428664883
0,2,10,True,early,0,0,,,0.22206057208851118,0.4881901287806287,0.01815895671351357,,0,2.044257164390541
0,2,11,True,early,0,0,,,0.46694895375939416,0.9456956798480339,0.027582225461188964,,0,2.175506422574279
0,2,12,True,early,0,1,,,0.10570236252547659,0.9898533784450435,0.04017033635045647,,0,2.194018437894255
0,2,13,True,early,1,7,,,0.0,0.9898533784450435,0.05071622681059764,,0,2.149037819617931
0,2,14,True,early,0,0,,,0.11989851559472478,1.049565434859312,0.041044378000086285,,0,2.268958738872897
0,2,15,True,early,0,0,,,0.036483852895864526,1.0446520738369784,0.07852562216485692,,0,2.188087747740065
0,2,16,True,early,0,0,,,0.07436861152697058,1.056260114076773,0.08915132186197663,,0,2.2074959068331492
0,2,17,True,early,0,0,,,0.022392380834389013,1.0591470450491989,0.033585862108012114,,0,2.26110903743238
0,2,18,True,early,0,1,,,0.04205901796039203,1.0457669327075203,0.07447446965283609,,0,2.1916941381385078
0,2,19,True,early,1,7,,,0.0,1.0457669327075203,0.0592279241005425,,0,2.2460967995965904
0,2,20,True,early,0,1,,,0.03527819123222087,1.0535462292688218,0.061893903801693156,,0,2.2839417022127333
0,2,21,True,early,0,1,,,0.045042924834440244,1.051777800502767,0.09349456655565185,,0,2.256930856109144
0,2,22,True,early,0,1,,,0.19935412508672748,1.042923380973843,0.05601844376551008,,0,2.181558645758337
0,2,23,True,early,0,1,,,0.2080281393416115,1.1321468444931975,0.07530653034454624,,0,2.2220645790899978
0,2,24,True,early,0,0,,,0.1829705420355048,1.0907287135744652,0.09811175524812515,,0,2.2444119898217822
0,2,25,True,early,0,0,,,0.43586625701209564,1.1893728199326077,0.11148274432945345,,0,2.4184298128774615
0,2,26,True,early,0,0,,,0.22561849143061058,1.0948538988492145,0.1037465421652521,,0,2.449687089168286
0,2,27,True,early,0,0,,,0.3556928259459009,1.0884156463782377,0.12022861446691138,,0,2.392299636747674
0,2,28,True,middle,0,0,,,0.2582911786032585,0.9985231981975882,0.11948740565550042,,0,2.4377168647848952
0,2,29,True,middle,0,0,,,0.22629358384146217,0.9785421659200676,0.059899176525221934,,0,2.3575325029857845
0,2,30,True,middle,0,0,,,0.07204318067368536,0.9709495414554699,0.15751875093981335,,0,2.3187622774464374
0,2,31,True,middle,0,0,,,0.17011318907329057,0.944582125259231,0.12326195033283742,,0,2.2415887151286924
0,2,32,True,middle,0,0,,,0.3157804677400918,0.9914033388486643,0.09635905007802824,,0,2.3952474011662575
0,2,33,True,middle,0,0,,,0.18367331387684166,1.0450117389642548,0.10580227751811033,,0,2.2503443063934774
0,2,34,True,middle,0,0,,,0.3469944361385542,1.1023531562120512,0.08962628554585304,,0,2.1044968893780673
0,2,35,True,middle,0,0,,,0.22165015661278015,1.1699407738349985,0.14192029027487796,,0,2.120104950701434
0,2,36,True,middle,0,0,,,0.20240241215040314,1.1463260216611684,0.10968402803561546,,0,2.1448566713618766
0,2,37,True,middle,0,0,,,0.13231096985738597,1.075281706644203,0.09763271816767541,,0,2.00480461631609
0,2,38,True,middle,0,0,,,0.18987667141664097,1.060440780608893,0.079671027533294,,0,2.0111617849775083
0,2,39,True,middle,0,0,,,0.08124884406630403,1.0971619357710418,0.08463855485288264,,0,2.0083829435970046
0,2,40,True,middle,0,0,,,0.0876639551545735,1.0675382008914498,0.09601217748625869,,0,2.01837099339604
0,2,41,True,middle,0,0,,,0.18337665004460046,1.136598763171458,0.10066167656638339,,0,2.00536956369427
0,2,42,True,middle,1,7,,,0.0,1.136598763171458,0.10434517418847668,,0,1.1311808495839868
0,2,43,True,middle,0,0,,,2.004908154128214,1.1107193631923298,0.07329756971338326,,1,2.285929410450151
0,2,44,True,middle,0,2,,,0.3321236270213157,0.8557261153200645,0.06159593576969279,,0,2.1738916518026565
0,2,45,True,middle,0,0,,,0.3263577990930663,0.6664261846108033,0.08106327620542651,,0,2.105622003657534
0,2,46,True,middle,0,0,,,0.48396909644481173,0.4574918808729353,0.0589745622014173,,0,2.048429182008949
0,2,47,True,middle,0,1,,,0.28455943662656086,0.2985305566467487,0.058767323700085056,,0,2.019793922934504
0,2,48,True,middle,0,1,,,0.3481194223772911,0.14751231212396698,0.026980473126249332,,0,2.0511362452803223
0,2,49,True,middle,0,1,,,0.22567789271553784,0.16936332020461298,0.022441755650943578,,0,2.0064125986621018
0,2,50,True,middle,0,2,,,0.0366596637987624,0.17580278370808666,0.01890357448970768,,0,2.0446185816868843
0,2,51,True,middle,0,3,,,0.007920341707802557,0.17306098204032638,0.02431763644562114,,0,2.0851512094567
0,2,52,True,middle,0,1,,,0.12052197399520889,0.2477067398888224,0.03723078120073989,,0,2.0402731258266145
0,2,53,True,middle,0,1,,,0.11284705344827654,0.32990327888376075,0.03713705215531407,,0,2.176745484118539
0,2,54,True,middle,0,0,,,0.5358422706010043,0.7239834251933246,0.0858541090948022,,0,2.149037819617931
0,2,55,True,middle,0,0,,,0.2915198021389,0.8965383940069621,0.07261518518574678,,0,2.2234967337282487
0,2,56,True,late,0,0,,,0.1858497757048687,0.8167730269684235,0.06484268052075261,,0,2.192602544485712
0,2,57,True,late,0,5,,,0.005176470560186067,0.8173215606482866,0.058205380302906416,,0,2.18829286264433
0,2,58,True,late,0,0,,,0.2759058307713187,1.0288966624119384,0.07993093600498072,,0,2.2605777825100652
0,2,59,True,late,0,0,,,0.24859422045836563,0.8307413227118485,0.10600282151210859,,0,2.1872663831984323
0,2,60,True,late,0,0,,,0.26201464499333665,0.9647220506738441,0.08110897302002597,,0,2.2460967995965904
0,2,61,True,late,0,0,,,0.17941424485930113,1.1007653783127267,0.08132848512203529,,0,2.291040663774224
0,2,62,True,late,0,1,,,0.11986642953544153,1.0603222274750512,0.06329166413727709,,0,2.241277246744525
0,2,63,True,late,0,0,,,0.341784741334762,0.8624512106907031,0.07573150131251355,,0,2.1438680454771326
0,2,64,True,late,0,0,,,0.18953127121376598,0.9313937898560511,0.06310216848588143,,0,2.142109700175724
0,2,65,True,late,0,2,,,0.04192058814481612,0.9231737423516914,0.0825904590903618,,0,2.2140048368011094
0,2,66,True,late,0,4,,,0.1383147048218375,0.929687427519732,0.06372862385006368,,0,2.2486807126609727
0,2,67,True,late,1,7,,,0.0,0.929687427519732,0.046970167003899464,,0,2.4184298128774615
0,2,68,True,late,0,0,,,0.1499956897063554,0.9437336459138065,0.043439104021001845,,0,2.430234659369808
0,2,69,True,late,1,7,,,0.0,0.9437336459138065,0.04832710890177572,,0,2.392299636747674
0,2,70,True,late,0,0,,,0.3420040941353708,0.9344609725715765,0.06686275148392959,,0,2.2943483776365996
0,2,71,True,late,0,1,,,0.18165015626200723,0.9520147481925194,0.05968222021241341,,0,2.3088630002616175
0,2,72,True,late,0,0,,,0.2872667003368276,0.930185566709421,0.08701918986818097,,0,2.219040481975602
0,2,73,True,late,0,0,,,0.16200683418880846,0.9006998755337084,0.10913922431072812,,0,2.2643620937883995
0,2,74,True,late,0,0,,,0.5267831637761514,0.9650890386989541,0.14489267308832918,,0,2.206828601704262
0,2,75,True,late,0,0,,,0.5599716685170681,0.9427523093244968,0.16422070237357497,,0,2.0699034271972376
0,2,76,True,late,0,0,,,0.06599894946696705,0.940648751172056,0.1768992057932864,,0,2.085159019511494
0,2,77,True,late,0,0,,,0.12379976434715086,0.9421799837622477,0.13632333693417764,,0,2.1574574506500666
0,2,78,True,late,0,0,,,0.5057170328214345,1.0142227198302745,0.15584535765165344,,0,2.018266698243055
0,2,79,True,late,0,0,,,0.14366254936962347,1.0589447573851907,0.13719329956674842,,0,2.003545248393123
0,2,80,True,late,0,0,,,0.14847919439186322,1.0933037966126673,0.09836603345229376,,0,2.0109405372655074
0,2,81,True,late,0,0,,,0.1311116046105269,1.1422669428219516,0.13131473363518145,,0,2.010122830300057
0,2,82,True,late,0,5,,,0.1074117641238605,1.1454990310581201,0.09912250949328265,,0,2.0182676870540277
0,3,1,True,early,0,1,,,0.12058823716406719,0.0042458992770105135,0.016391771724496722,,0,1.039371073776681
0,3,2,True,early,0,1,,,0.12058823716406719,0.11926922442760893,0.006103824231348008,,0,1.012031992525406
0,3,3,True,early,0,1,,,0.12058823716406719,0.0042458992770105135,0.006408524331348847,,0,1.04872526106464
0,3,4,True,early,0,2,,,0.007331932759752413,0.005701461433586614,0.004704170844223684,,0,1.158571970616149
0,3,5,True,early,0,1,,,0.121408764195576,0.11987053239566484,0.003724152521268078,,0,1.130462365268836
0,3,6,True,early,0,1,,,0.09123822936812667,0.029039148880528023,0.0048024109777070455,,0,1.1147963905174216
0,3,7,True,early,0,1,,,0.06947083787901254,0.09697249524155938,0.018855080972715998,,0,1.1224604016211004
0,3,8,True,early,0,0,,,0.10213177332040116,0.029539338920116124,0.0077008198051701,,0,1.0802032134086452
0,3,9,True,early,0,0,,,0.013199789893393432,0.042691314633191674,0.007550068069289397,,0,0.9412314818625954
0,3,10,True,early,0,0,,,0.0536362484135304,0.035020621257303985,0.004977221622728041,,0,0.9364466966515488
0,3,11,True,early,1,7,,,0.0,0.035020621257303985,0.003381597467673472,,0,0.9502390799487124
0,3,12,True,early,1,7,,,0.0,0.035020621257303985,0.0031481804817657523,,0,1.0751306553734334
0,3,13,True,early,1,7,,,0.0,0.035020621257303985,0.005132901931869557,,0,1.0751306553734334
0,3,14,True,early,0,0,,,0.04171471999417078,0.05278620101996028,0.0033014024069547535,,0,1.0647752290468562
0,3,15,True,early,1,7,,,0.0,0.05278620101996028,0.0052797371178739776,,0,1.0539624797891394
0,3,16,True,early,0,0,,,0.0360581201212071,0.030899601244198042,0.009814919153091175,,0,1.0582484870116133
0,3,17,True,early,0,4,,,0.009025209791520078,0.029539338920116124,0.005059369568825871,,0,0.8614084713080539
0,3,18,True,early,0,4,,,0.009025209791520078,0.030899601244198042,0.0026003021880387106,,0,0.8621961076060136
0,3,19,True,early,0,0,,,0.0360581201212071,0.05278620101996028,0.002716171456549557,,0,0.8538355607804092
0,3,20,True,early,0,0,,,0.0360581201212071,0.030899601244198042,0.004128998377432141,,0,0.5930361241511352
0,3,21,True,early,1,7,,,0.0,0.030899601244198042,0.005097002284019803,,0,0.6026953765341992
0,3,22,True,early,1,7,,,0.0,0.030899601244198042,0.004581200836208462,,0,0.7902240474356023
0,3,23,True,early,1,7,,,0.0,0.030899601244198042,0.002731900593097744,,0,0.8803892678400679
0,3,24,True,early,1,7,,,0.0,0.030899601244198042,0.0028157418862461655,,0,2.104320728924831
0,3,25,True,early,1,7,,,0.0,0.030899601244198042,0.0027038847867119995,,0,0.6904077134703024
0,3,26,True,early,0,4,,,0.009025209791520078,0.029539338920116124,0.0035526719348330277,,0,2.01482816120901
0,3,27,True,early,1,7,,,0.0,0.029539338920116124,0.0074182033848317975,,0,2.0105012245932548
0,3,28,True,early,0,0,,,0.03491036543627767,0.05278620101996028,0.005826824727459455,,0,2.0037703548853747
0,3,29,True,early,1,7,,,0.0,0.05278620101996028,0.0054878198548092,,0,2.0037703548853747
0,3,30,True,early,0,0,,,0.0360581201212071,0.030899601244198042,0.005295993695799981,,0,2.005787666033486
0,3,31,True,early,0,4,,,0.009025209791520078,0.029539338920116124,0.003805767598495156,,0,2.006970678584436
0,3,32,True,early,0,4,,,0.009025209791520078,0.030899601244198042,0.005289133766380274,,0,2.0052872728257283
0,3,33,True,early,0,0,,,0.0360581201212071,0.05278620101996028,0.004380886385972712,,0,2.0089686734365695
0,3,34,True,early,1,7,,,0.0,0.05278620101996028,0.008866936194819727,,0,2.0107335110237363
0,3,35,True,early,1,7,,,0.0,0.05278620101996028,0.004305306494051924,,0,2.005835898003987
0,3,36,True,early,0,0,,,0.0360581201212071,0.030899601244198042,0.005783454879198152,,0,2.006114965425186
0,3,37,True,early,0,4,,,0.010529411423440105,0.02957547575523156,0.00638121807059988,,0,2.005953110576416
0,3,38,True,early,0,0,,,0.06471057045173634,0.05604431877254045,0.004590604266867853,,0,2.0136375224777634
0,3,39,True,early,0,0,,,0.06452747304091556,0.05278620101996028,0.005256214076918274,,0,2.0204474280143225
0,3,40,True,early,0,0,,,0.06064355740314608,0.054114915565771325,0.012129723540182432,,0,2.0377499962129564
0,3,41,True,early,1,7,,,0.0,0.054114915565771325,0.016588928702246077,,0,2.0354474212843714
0,3,42,True,middle,0,2,,,0.044017305577654375,0.035020621257303985,0.019018787950113105,,0,2.0763017999499755
0,3,43,True,middle,0,0,,,0.22221719562743364,0.24764550535860044,0.0063097773618904975,,0,2.214214595138162
0,3,44,True,middle,0,1,,,0.04388156637509377,0.22570126808194554,0.011032937158498738,,0,2.2269468595325383
0,3,45,True,middle,1,7,,,0.0,0.22570126808194554,0.0062602385608262505,,0,2.25643499456672
0,3,46,True,middle,0,0,,,0.20118389386993052,0.035020621257303985,0.020653213536944007,,0,2.2833493868865355
0,3,47,True,middle,0,0,,,0.03850936922412634,0.016464071459522635,0.012354180125416196,,0,2.2727333431691052
0,3,48,True,middle,0,0,,,0.03850936922412634,0.035020621257303985,0.010794029846868372,,0,2.233448015251304
0,3,49,True,middle,1,7,,,0.0,0.035020621257303985,0.011227198594824527,,0,2.233448015251304
0,3,50,True,middle,0,0,,,0.20118389386993052,0.22570126808194554,0.009897203753082028,,0,2.150095509708031
0,3,51,True,middle,0,0,,,0.5908049874931512,0.799325828205296,0.013928972289915057,,0,2.1165439707910916
0,3,52,True,middle,0,0,,,0.15103850067679428,0.9475701230000501,0.02015987043280264,,0,2.1775901558806185
0,3,53,True,middle,0,0,,,0.12757665303344431,1.0317234278945198,0.03932420608058675,,0,2.127906733047313
0,3,54,True,middle,0,0,,,0.09203044212004455,1.0616837783177309,0.0737484874419649,,0,2.318627792551528
0,3,55,True,middle,0,0,,,0.056488392639151515,1.0689575226337127,0.05422739667159057,,0,2.27308912451052
0,3,56,True,middle,0,0,,,0.035447857242719,1.0812175490274591,0.02941960842720193,,0,2.175634393212621
0,3,57,True,middle,0,0,,,0.04449041925868798,1.0767715126214175,0.031741506005371574,,0,2.4748380491887882
0,3,58,True,middle,0,1,,,0.018504080777819523,1.0679258303843993,0.07341435890091177,,0,2.4701052786366575
0,3,59,True,middle,0,1,,,0.07934396614221671,1.0351818905411292,0.06393096204091574,,0,2.5819444588116163
0,3,60,True,middle,1,7,,,0.0,1.0351818905411292,0.06642131400276237,,0,2.5406695271260484
0,3,61,True,middle,0,1,,,0.13462858868621386,1.0269381390935102,0.07748968063107124,,0,2.5580454031617426
0,3,62,True,middle,0,1,,,0.061694989017907896,1.0258588808882891,0.09312097755402599,,0,2.5740781509416437
0,3,63,True,middle,0,1,,,0.1114565512419397,1.0367288671378465,0.08883635620076383,,0,1.0001569140994004
0,3,64,True,middle,0,1,,,0.06842163797862942,1.0462995998661733,0.0919022818223788,,0,1.04872526106464
0,3,65,True,middle,1,7,,,0.0,1.0462995998661733,0.0866517115583538,,0,1.012031992525406
0,3,66,True,middle,0,1,,,0.3348167378332723,1.1533403188299665,0.11116209279786952,,0,1.154691106899359
0,3,67,True,middle,1,7,,,0.0,1.1533403188299665,0.1007021246507745,,0,1.158571970616149
0,3,68,True,middle,0,0,,,0.500770851904873,1.119251277232993,0.14402962266979746,,0,1.1067327465946648
0,3,69,True,middle,1,7,,,0.0,1.119251277232993,0.10665108988675406,,0,1.1147963905174216
0,3,70,True,middle,0,0,,,0.24810714125702116,1.0707853281090833,0.11082245863687021,,0,1.058799769093558
0,3,71,True,middle,0,0,,,0.4542899703096035,0.9428775254931137,0.13742064048108424,,0,0.9407685848194064
0,3,72,True,middle,1,7,,,0.0,0.9428775254931137,0.1259691171038558,,0,0.9412314818625954
0,3,73,True,middle,0,0,,,0.15871004019666793,0.957070443091541,0.12289738589774551,,0,0.9502390799487124
0,3,74,True,middle,0,0,,,0.3869631556192792,1.0793002979445363,0.09750517018744616,,0,1.0751306553734334
0,3,75,True,middle,1,7,,,0.0,1.0793002979445363,0.05870027031263767,,0,1.0751306553734334
0,3,76,True,middle,0,1,,,0.1209815007899312,1.0908650137466704,0.14694684797804092,,0,1.0830680521544376
0,3,77,True,middle,0,0,,,0.2337348945665501,1.0809288627158697,0.07358392576890228,,0,1.0539624797891394
0,3,78,True,middle,0,0,,,0.057655751910816296,1.0698189287903104,0.09008364044427669,,0,1.0440404373551264
0,3,79,True,middle,0,0,,,0.4201311254418831,0.8631630556745423,0.08421872121669385,,0,0.8621961076060136
0,3,80,True,middle,1,7,,,0.0,0.8631630556745423,0.07861322116243259,,0,0.8614084713080539
0,3,81,True,middle,1,7,,,0.0,0.8631630556745423,0.09141265006571438,,0,0.8621961076060136
0,3,82,True,middle,0,0,,,0.45129007392434006,0.5804095733845999,0.09256596757995571,,0,0.593985622310004
0,3,83,True,middle,0,1,,,0.1376847390317193,0.5907449016216141,0.0653317024664856,,0,0.6026953765341992
0,3,84,True,late,0,0,,,0.3558989498113278,0.7905783678936821,0.08621090246483107,,0,0.7902240474356023
0,3,85,True,late,0,0,,,0.12270847405527927,0.8826294228223488,0.08359558816637058,,0,0.8803892678400679
0,3,86,True,late,0,0,,,2.0754502902964402,0.6745469608296344,0.06028569637143743,,1,2.104320728924831
0,3,87,True,late,0,0,,,2.0274059224534984,0.6980739141148689,0.075694541547059,,1,0.6904077134703024
0,3,88,True,late,0,2,,,2.05276556810345,0.2603639176510894,0.06229043054270653,,1,2.014848374844286
0,3,89,True,late,0,2,,,0.04399159655851481,0.2239114894050925,0.07219530379241405,,0,2.0105012245932548
0,3,90,True,late,0,0,,,0.2428404509039079,0.10285653809859903,0.023252771162845038,,0,2.002818216414282
0,3,91,True,late,1,7,,,0.0,0.10285653809859903,0.020486746083308614,,0,2.0037703548853747
0,3,92,True,late,0,1,,,0.13260986526833524,0.15198801737042905,0.014580115567946389,,0,2.0076082361513685
0,3,93,True,late,0,1,,,0.18884092066108663,0.16602208443539718,0.016618382455121247,,0,2.0064497605128215
0,3,94,True,late,0,3,,,0.1387512365024663,0.1439746107175088,0.01810221610908384,,0,2.0052737328393992
0,3,95,True,late,0,3,,,0.05443170153655721,0.15671873894351146,0.017492205668273444,,0,2.006136447484143
0,3,96,True,late,0,1,,,0.044890082732833105,0.173760513254733,0.030712218052687288,,0,2.0107335110237363
0,3,97,True,late,0,1,,,0.2220203132996571,0.15023314507809202,0.028317775663173037,,0,2.005835898003987
0,3,98,True,late,1,7,,,0.0,0.15023314507809202,0.020826039430952122,,0,2.005835898003987
0,3,99,True,late,1,7,,,0.0,0.15023314507809202,0.021417936251661055,,0,2.006114965425186
0,3,100,True,late,0,2,,,0.16317421687362638,0.2811559402532012,0.036560682534648975,,0,2.020197194959729
0,3,101,True,late,0,1,,,0.04914217697359387,0.2821761924034689,0.05983591530559965,,0,2.0137533082627237
0,3,102,True,late,0,0,,,0.1891918810873234,0.42908211311025907,0.06500000861100493,,0,2.049092771434894
0,3,103,True,late,0,1,,,0.033406448787954936,0.41460225802849804,0.06155305113862286,,0,2.0354474212843714
0,3,104,True,late,0,0,,,0.1842556707267442,0.559732606294516,0.04812788910812022,,0,2.0660241273051922
0,3,105,True,late,0,0,,,0.4728486231224312,1.004215385888393,0.09428035033169074,,0,2.2398809278444696
0,3,106,True,late,1,7,,,0.0,1.004215385888393,0.04929814348270403,,0,2.214214595138162
0,3,107,True,late,0,0,,,0.2325570671542488,1.0971806772420616,0.09441571102976144,,0,2.25643499456672
0,3,108,True,late,1,7,,,0.0,1.0971806772420616,0.10505588544294574,,0,2.25643499456672
0,3,109,True,late,0,0,,,0.17404693983947364,1.0662653263267405,0.11372268067691019,,0,2.26864780399013
0,3,110,True,late,0,0,,,0.289985326430559,0.9895439258376056,0.06047109977677257,,0,2.238259594671331
0,3,111,True,late,1,7,,,0.0,0.9895439258376056,0.057269463637421816,,0,2.233448015251304
0,3,112,True,late,0,0,,,0.5016296948949918,0.9032716685914436,0.07914317679194036,,0,2.196042373490652
0,3,113,True,late,0,2,,,0.16198915425673568,0.9175815097598012,0.056813176973942184,,0,2.1560211240554485
0,3,114,True,late,0,0,,,0.2329212813756702,0.9598953391500992,0.09805813221778537,,0,2.164473296566899
0,3,115,True,late,0,0,,,0.42038695210002325,0.703099535410744,0.10592184406212822,,0,2.1275158798770306
0,3,116,True,late,0,0,,,0.5140555381501392,0.9142827272639796,0.12079073259980957,,0,2.340240013526857
0,3,117,True,late,0,0,,,0.4279469682118808,0.6627588862036586,0.09880615531111603,,0,2.285001257070748
0,3,118,True,late,0,1,,,0.5923680014771991,0.28140589368835084,0.08135899913533687,,0,2.1731180482311845
0,3,119,True,late,0,0,,,0.9926272341694294,0.944351689181823,0.07745634233763324,,0,2.487835658654356
0,3,120,True,late,0,1,,,0.04525753043661466,0.9390930297420507,0.14086854262517606,,0,2.473867396265755
0,3,121,True,late,0,0,,,0.3510185352093822,1.0150320715561103,0.10835151218835784,,0,2.6035190344755637
0,3,122,True,late,0,2,,,0.21439461082177463,0.8990001851530878,0.12739481900326818,,0,2.5406695271260484
0,3,123,True,late,0,0,,,0.22777493020677558,1.017984298732068,0.054917794736068296,,0,2.602063713102031
0,3,124,True,late,0,0,,,0.08900269912107751,1.0209147804301921,0.09729042427380295,,0,2.5615934458272798
0,4,1,True,early,0,0,,,0.4216614763308259,0.8234045668506091,0.01177744022712109,,0,2.1398427246304417
0,4,2,True,early,0,0,,,0.4060106482210588,1.0459559058949,0.025541708726514352,,0,2.226625791154156
0,4,3,True,early,0,1,,,0.11677510938646002,1.0359043032055144,0.052927688904065115,,0,2.2418108963993286
0,4,4,True,early,0,0,,,0.2731316792534587,0.9713858149282533,0.04148407492235087,,0,2.2528942635784013
0,4,5,True,early,0,0,,,0.2423143114839802,1.0394380279339401,0.053432734219114146,,0,2.2608859643959303
0,4,6,True,early,0,1,,,0.14553701076273634,1.032129912360281,0.03569132942017246,,0,2.1675213136635576
0,4,7,True,early,0,1,,,0.2029830932173599,1.0302992843886625,0.09447732785465018,,0,2.212244739010229
0,4,8,True,early,0,1,,,0.08051495828815909,1.0272149157411696,0.09343480217085631,,0,2.2247811727457307
0,4,9,True,early,0,1,,,0.0794685152841562,1.0352262983348088,0.08207514376117503,,0,2.321930573036537
0,4,10,True,early,0,1,,,0.08795418847565008,1.036070341839398,0.07919739919715922,,0,2.346603761081087
0,4,11,True,early,0,1,,,0.2383452452835754,1.0930750817176318,0.05971312411846164,,0,2.443028030382446
0,4,12,True,early,0,1,,,0.15411570457285279,1.1793648649390884,0.0932307500098201,,0,2.5108067199479205
0,4,13,True,early,0,2,,,0.16141469929861005,1.1011824470623504,0.1035086260637538,,0,2.4236337247510864
0,4,14,True,early,0,2,,,0.2639495793510886,1.2374972853847837,0.12763889639846723,,0,2.5626826440475563
0,4,15,True,early,0,0,,,0.35596840634475546,0.9934516718594962,0.143129882709519,,0,2.416464542492734
0,4,16,True,early,0,1,,,0.4236421328874154,1.2407128654358064,0.13059602299268747,,0,2.5251037299671397
0,4,17,True,early,0,0,,,0.432103166069896,1.0458150394567023,0.10589290890284789,,0,2.473507136996945
0,4,18,True,early,0,0,,,0.08258242722950807,1.0147957598906323,0.11811241081332875,,0,2.407891238140971
0,4,19,True,early,0,0,,,0.4171351031938774,0.9418642186777372,0.10981453595101555,,0,2.4943619195478806
0,4,20,True,early,0,1,,,0.1614570119147021,0.974137156612689,0.11592828796994799,,0,2.504791953449
0,4,21,True,early,0,1,,,0.09367389220220057,1.003246468353874,0.10136277492254131,,0,2.4391317829882375
0,4,22,True,early,0,0,,,0.3268960041952239,1.004469721766838,0.11392994834607846,,0,2.520486527832244
0,4,23,True,early,0,0,,,0.15302328707373053,1.0612842189046465,0.11214671115480017,,0,2.5161571650406884
0,4,24,True,early,0,1,,,0.11374278740080745,1.0342301695162643,0.0922569032325942,,0,2.5034943385081303
0,4,25,True,early,0,0,,,0.1492968475260768,1.1003676813374474,0.07007270777406352,,0,2.378684955000237
0,4,26,True,middle,0,1,,,0.0886156699516477,1.0777218821411148,0.1134979468224325,,0,2.361983191249612
0,4,27,True,middle,0,0,,,0.09590908968532708,1.127663385842106,0.10935172820805375,,0,2.208035402903974
0,4,28,True,middle,0,1,,,0.14685349010899298,1.097166370059265,0.08563061354000383,,0,2.113960586629105
0,4,29,True,middle,0,0,,,0.4257240407064969,1.125695001975146,0.08729697828935416,,0,2.0963770583772248
0,4,30,True,middle,0,0,,,0.6762476188104859,1.0816442703740303,0.08527464500573537,,0,2.0757587905868093
0,4,31,True,middle,0,0,,,0.14274696139555373,1.0254062011877674,0.08559924984315727,,0,2.021144941093137
0,4,32,True,middle,0,1,,,2.0916739917191745,0.5214027049404797,0.12036481610449772,,1,0.5549273109409242
0,4,33,True,middle,0,0,,,0.3843281744828091,0.24714317704438324,0.08455035137212503,,0,0.8536067361831223
0,4,34,True,middle,1,7,,,0.0,0.24714317704438324,0.04997897778819393,,0,0.9646506635354081
0,4,35,True,middle,0,2,,,0.2414527771471026,0.10864193265534454,0.0537826119670648,,0,1.0480099177474316
0,4,36,True,middle,0,3,,,0.1386608391528653,0.10285653809859903,0.06300342711832428,,0,1.1412480819613537
0,4,37,True,middle,0,0,,,0.1621212791656733,0.14390055686131226,0.043401566773555694,,0,1.1364213650107209
0,4,38,True,middle,0,0,,,0.2004937692852023,0.12265340789488594,0.0259053232430427,,0,1.1270372856013795
0,4,39,True,middle,0,1,,,0.14874354482986862,0.1895952584271727,0.031636352562154336,,0,2.0859231441340698
0,4,40,True,middle,0,1,,,0.39288911779091285,0.29945815749018784,0.024670200533305802,,0,2.1398427246304417
0,4,41,True,middle,0,5,,,0.06470588200232562,0.30634249965752,0.04160353134267918,,0,2.226625791154156
0,4,42,True,middle,0,0,,,0.23392527637550253,0.31853830362527163,0.04943239880184516,,0,2.2418108963993286
0,4,43,True,middle,0,0,,,0.28162142294614306,0.5690430036656056,0.07412308652984129,,0,2.2528942635784013
0,4,44,True,middle,0,0,,,0.14888011064398868,0.5523984339743111,0.07191812442012256,,0,2.2608859643959303
0,4,45,True,middle,0,0,,,0.21185533767495668,0.627483957848818,0.09817713928491943,,0,2.1675213136635576
0,4,46,True,middle,1,7,,,0.0,0.627483957848818,0.0689073308293517,,0,2.212244739010229
0,4,47,True,middle,0,4,,,0.13202877644874486,0.6301379437631374,0.0732628838144945,,0,2.2247811727457307
0,4,48,True,middle,0,0,,,0.34707229764423286,0.9313037791621777,0.04267263010595534,,0,2.321930573036537
0,4,49,True,middle,1,7,,,0.0,0.9313037791621777,0.05680399502132301,,0,2.346603761081087
0,4,50,True,middle,1,7,,,0.0,0.9313037791621777,0.07129657543334701,,0,2.443028030382446
0,4,51,True,middle,0,0,,,0.06606747929913138,0.9669538417792377,0.06547191641041053,,0,2.5108067199479205
0,4,52,True,late,1,7,,,0.0,0.9669538417792377,0.08928761841675004,,0,2.4236337247510864
0,4,53,True,late,0,0,,,0.10385651824383162,0.9746758700815188,0.08637332842347477,,0,2.5626826440475563
0,4,54,True,late,0,0,,,0.16214427398459186,1.1037806764195708,0.07040940470794829,,0,2.416464542492734
0,4,55,True,late,0,2,,,0.23869736062371893,0.93658532063211,0.08294498517383694,,0,2.5251037299671397
0,4,56,True,late,0,0,,,0.15172182270724027,0.8581360339931922,0.06048656928115067,,0,2.473507136996945
0,4,57,True,late,0,2,,,0.14810061456416546,0.7934556035204599,0.04892348743004825,,0,2.407891238140971
0,4,58,True,late,0,4,,,0.11170613295926798,0.7980011599744662,0.057668910570167015,,0,2.4943619195478806
0,4,59,True,late,0,4,,,0.09276007653186187,0.793661510461958,0.050039760336898255,,0,2.504791953449
0,4,60,True,late,0,2,,,0.15404890492808332,0.7344419530196383,0.044547507008604235,,0,2.4391317829882375
0,4,61,True,late,1,7,,,0.0,0.7344419530196383,0.0627878476354744,,0,2.520486527832244
0,4,62,True,late,0,0,,,0.24283386486875494,0.8014140805385087,0.0502153323655758,,0,2.5161571650406884
0,4,63,True,late,0,4,,,0.024187327410865284,0.8043519528007788,0.05010609971230156,,0,2.5034943385081303
0,4,64,True,late,0,0,,,0.38948898783499347,0.6740626346885971,0.06991725894153394,,0,2.378684955000237
0,4,65,True,late,0,3,,,0.13806692288432126,0.6470751051232768,0.08658092424126264,,0,2.361983191249612
0,4,66,True,late,0,0,,,0.5996997722584294,0.8837690086702797,0.09858903071347097,,0,2.208035402903974
0,4,67,True,late,0,0,,,0.37609129283234116,0.596598851394997,0.13956214028090994,,0,2.113960586629105
0,4,68,True,late,0,0,,,0.34712734915709564,0.9426008864486152,0.14063127964121447,,0,2.0963770583772248
0,4,69,True,late,0,0,,,0.0647631001525901,0.9431107154497563,0.10398038252179095,,0,2.0757587905868093
0,4,70,True,late,0,0,,,0.36218352158510225,1.017021883417296,0.11915086484878917,,0,2.021144941093137
0,4,71,True,late,0,0,,,0.04618414662094732,1.0156253726565696,0.12452751308728278,,0,0.5549273109409242
0,4,72,True,late,0,0,,,0.08097983747588683,1.0487419671030314,0.14045953355585308,,0,0.8536067361831223
0,4,73,True,late,0,0,,,0.19895353621965786,1.1414357622173346,0.13409603694180483,,0,0.9646506635354081
0,4,74,True,late,0,0,,,0.20378278555633894,1.0455407647927595,0.08395127803865561,,0,1.0480099177474316
0,4,75,True,late,0,0,,,0.1936595223100384,1.142497729076197,0.06376347650870656,,0,1.1412480819613537
0,4,76,True,late,0,0,,,0.12003278642042663,1.056450211713064,0.1097926921175801,,0,1.1364213650107209
0,4,77,True,late,0,0,,,0.12194640520227404,1.1229747233671594,0.08624127359653248,,0,1.1270372856013795
0,5,1,True,early,1,7,,,0.0,0.16585996004555673,0.0063977545849837215,,0,2.178829546595654
0,5,2,True,early,1,7,,,0.0,0.16585996004555673,0.0042618118467801025,,0,0.7124560197216441
0,5,3,True,early,1,7,,,0.0,0.16585996004555673,0.004640101420240457,,0,2.0525692347324336
0,5,4,True,early,0,0,,,0.3113077148460311,0.4517481589610553,0.004538355680484753,,0,2.051343500497042
0,5,5,True,early,0,0,,,0.5703688956883678,1.0005030086366378,0.00812727057738633,,0,2.2155074402341293
0,5,6,True,early,0,0,,,0.36622996609415404,0.7969265829753666,0.034292794593512525,,0,2.1360732786076815
0,5,7,True,early,0,0,,,0.36094924519949484,0.6423228861349959,0.025294536134339983,,0,2.0829161803198475
0,5,8,True,early,0,0,,,0.5040954753843712,1.039183518341402,0.03375839798351169,,0,2.2088641019212854
0,5,9,True,early,0,0,,,0.22781476658685676,1.0017911051475732,0.03244790460479648,,0,2.1931853700882176
0,5,10,True,early,0,0,,,0.136671150471628,1.0420554443569305,0.07777552677623364,,0,2.238262842653897
0,5,11,True,early,0,0,,,0.0803248160443479,1.0898677711532458,0.07368552785869441,,0,2.2523438223058365
0,5,12,True,early,0,0,,,0.16879729001783325,1.0322374707598514,0.039247699089603995,,0,2.207671561040889
0,5,13,True,early,0,0,,,0.11476335890080432,1.0770613125935213,0.03616016101400282,,0,2.2185037787289295
0,5,14,True,early,0,1,,,0.12030399931577598,1.043707036720138,0.046990832998117356,,0,2.2568142471992005
0,5,15,True,early,0,1,,,0.058991978471397415,1.0681164287377234,0.07990090711309279,,0,2.312577966806242
0,5,16,True,early,0,1,,,0.05468017346925003,1.0497847288833124,0.06707207738109293,,0,2.3115729268800105
0,5,17,True,early,0,1,,,0.012505096957799748,1.0551082575301258,0.08307772038982697,,0,2.2755733503376394
0,5,18,True,early,0,1,,,0.06972940500391814,1.062078158800265,0.07432733683011336,,0,2.306377827898565
0,5,19,True,early,0,1,,,0.2086893358808835,1.0115182621729903,0.07088607413506577,,0,2.353656451077793
0,5,20,True,early,0,1,,,0.1816770523748861,1.0940015615109755,0.059370275907732896,,0,2.3800245108093008
0,5,21,True,early,0,0,,,0.2036738916036398,1.107148255093641,0.06440599585134585,,0,2.467492232564659
0,5,22,True,early,0,0,,,0.18438726164833663,1.1367841612433836,0.09810002914387099,,0,2.547496608294373
0,5,23,True,early,0,0,,,0.2360828417826792,1.0854266101938348,0.10947877595864021,,0,2.4757650662000836
0,5,24,True,early,0,0,,,0.2977468978351532,1.0782103995505685,0.13032537858735868,,0,2.5845659287788374
0,5,25,True,early,0,0,,,0.3273651783151373,0.879153678496039,0.13669983469962957,,0,2.5462207510081227
0,5,26,True,early,0,0,,,0.10220912959270105,0.8918942464009313,0.10263646104151722,,0,2.504841116463375
0,5,27,True,early,0,0,,,0.07070029275854275,0.914373384352029,0.13022593664421395,,0,2.322221522426848
0,5,28,True,early,0,1,,,0.1727366569444332,0.9720880763229119,0.11978911330429079,,0,2.4310890536187038
0,5,29,True,early,0,1,,,0.15076696796860287,0.9678764020821687,0.09276383533260316,,0,2.4349473887989013
0,5,30,True,middle,0,0,,,0.12495159834985327,0.9905912323721606,0.14134732982320308,,0,2.470331884636278
0,5,31,True,middle,0,0,,,0.23283236921011943,1.0045893490363231,0.11159011263749831,,0,2.4487532080613192
0,5,32,True,middle,0,0,,,0.34004855627199415,1.1316986092820043,0.10504851630195448,,0,2.4368476327634103
0,5,33,True,middle,0,0,,,0.21811963030625195,1.1944666370200006,0.11906527816980052,,0,2.4971949431470075
0,5,34,True,middle,0,1,,,0.11057748348266608,1.1996583528577962,0.1221988895950666,,0,2.315717151466135
0,5,35,True,middle,0,1,,,0.08349859780318052,1.1945901661829645,0.08610603692680553,,0,2.1766716731731
0,5,36,True,middle,1,7,,,0.0,1.1945901661829645,0.07914556450602599,,0,2.175767257970652
0,5,37,True,middle,0,1,,,0.08264813324228054,1.1992436510484632,0.09435253052608689,,0,2.123026989737623
0,5,38,True,middle,0,1,,,0.11126409023531683,1.1944360764794413,0.07944193090037148,,0,2.0607739360435144
0,5,39,True,middle,1,7,,,0.0,1.1944360764794413,0.09830894261958519,,0,2.0363175921007355
0,5,40,True,middle,0,0,,,0.3597856191589131,1.0121276421803036,0.10325247953560315,,0,2.0042980780264648
0,5,41,True,middle,0,0,,,0.13499663963296857,1.0367966900521972,0.06976437489377746,,0,2.0038308828549125
0,5,42,True,middle,0,0,,,0.15277263739139352,1.09037051473348,0.10791633561132485,,0,2.002862015671606
0,5,43,True,middle,0,0,,,2.000428218303096,1.0759678404505015,0.11532868779616137,,1,0.07566263048610261
0,5,44,True,middle,0,0,,,2.007379663836664,0.978318096538377,0.11363385456963111,,1,2.015237555184676
0,5,45,True,middle,0,0,,,2.0181037837382068,0.717687896810113,0.09593191247393701,,1,2.178829546595654
0,5,46,True,middle,0,0,,,2.0151024343371153,0.5804271716642639,0.0985123837118245,,1,0.7124560197216441
0,5,47,True,middle,0,0,,,2.023993128371354,0.319437391074512,0.03980234164231806,,1,2.0525692347324336
0,5,48,True,middle,0,0,,,0.29237559899884424,0.2035685177773771,0.044023451329029385,,0,2.018424899008655
0,5,49,True,middle,1,7,,,0.0,0.2035685177773771,0.03523517017824497,,0,2.051343500497042
0,5,50,True,middle,0,1,,,0.15182495003016375,0.13375366459007293,0.022588053510889987,,0,2.222191947001535
0,5,51,True,middle,0,4,,,0.03010483864110755,0.13447127229504532,0.015344505256995482,,0,2.136231393222965
0,5,52,True,middle,0,1,,,0.17253835331502893,0.2384034439144204,0.011835485990146175,,0,2.075027811394461
0,5,53,True,middle,0,0,,,0.20047994874287797,0.14390055686131226,0.016684179756891362,,0,2.204499670205966
0,5,54,True,middle,0,0,,,0.1914771684178038,0.20906989867338538,0.05213304172929335,,0,2.218501017179946
0,5,55,True,middle,0,0,,,0.20940622653142826,0.3212218546573314,0.03076253459612163,,0,2.232606334464341
0,5,56,True,middle,0,0,,,0.4079845691393243,0.5623033170680775,0.04373364612864078,,0,2.197075978171515
0,5,57,True,middle,0,0,,,0.2640274345456123,0.697516991320483,0.0805872457633501,,0,2.225876266701161
0,5,58,True,middle,0,0,,,0.1641116944858336,0.8539699916694307,0.0645917842813226,,0,2.23644230825474
0,5,59,True,middle,0,0,,,0.27911286366347987,0.9022942505689837,0.0904612600548738,,0,2.301506998048675
0,5,60,True,late,0,0,,,0.16718665537793878,1.0463134015300792,0.10841016586371928,,0,2.3201328515947544
0,5,61,True,late,0,2,,,0.10452257223501699,0.9585344279866276,0.11551506753286754,,0,2.273134033626946
0,5,62,True,late,0,0,,,0.03500517135571321,0.9909728140839748,0.08806215684873693,,0,2.2786126811695033
0,5,63,True,late,0,0,,,0.13250204786125908,1.0818015788559372,0.11465062355591672,,0,2.3249018621615782
0,5,64,True,late,0,0,,,0.23679805547042604,0.9920569721618272,0.12185424032414065,,0,2.3093013747289097
0,5,65,True,late,0,1,,,0.1128299967453841,0.9751014091723597,0.058522888940291055,,0,2.3902674845526786
0,5,66,True,late,0,0,,,0.3064833497309243,1.0555777689036991,0.09012377851686933,,0,2.4654796296490273
0,5,67,True,late,0,0,,,0.2511214438457459,0.8888529532115466,0.07141889063845873,,0,2.4163415320687314
0,5,68,True,late,0,1,,,0.1882316073803093,0.9419313376486569,0.0739496313979953,,0,2.485344736203459
0,5,69,True,late,1,7,,,0.0,0.9419313376486569,0.04973026155262495,,0,2.5845659287788374
0,5,70,True,late,0,0,,,0.2165409047305888,0.8683169584463977,0.06457212477606403,,0,2.470732652994034
0,5,71,True,late,0,0,,,0.5193256287223218,0.7615339824070366,0.1017177235638602,,0,2.296351118022306
0,5,72,True,late,0,0,,,0.18770879270169488,0.7958925386408124,0.05323987390612224,,0,2.3999963564305844
0,5,73,True,late,0,0,,,0.0566496716172987,0.7840719098938151,0.0698903178328124,,0,2.440828891106827
0,5,74,True,late,0,5,,,0.03105882336111629,0.7885651740844786,0.08770665100004513,,0,2.434881359748163
0,5,75,True,late,0,1,,,0.22613021170869307,0.7563186030467618,0.0667413762641858,,0,2.3746393438548368
0,5,76,True,late,0,0,,,0.5100090952310238,0.8615336655382694,0.08160775233326467,,0,2.281708617525548
0,5,77,True,late,1,7,,,0.0,0.8615336655382694,0.0700950636674309,,0,2.4368476327634103
0,5,78,True,late,0,0,,,0.4107105567933197,0.879476608217792,0.13907940019239226,,0,2.3137778649393286
0,5,79,True,late,0,0,,,0.37006386334547936,0.946149010956178,0.15977958253397442,,0,2.1781079001125976
0,5,80,True,late,0,3,,,0.04075301663650243,0.9427706629872245,0.1334319346242957,,0,2.175767257970652
0,5,81,True,late,0,0,,,0.2397386111038377,0.9544448795535094,0.11395298223597547,,0,2.116342181556882
0,5,82,True,late,0,0,,,0.30232740368360844,0.9777835824004378,0.17143484531543968,,0,2.057650772099286
0,5,83,True,late,0,0,,,0.2575871661854439,1.0173829357600044,0.16306963309300762,,0,2.0363175921007355
0,5,84,True,late,0,0,,,0.20594697831889908,1.0608303395177758,0.13778722759112486,,0,2.015507128470226
0,5,85,True,late,0,0,,,0.06410604743110108,1.0470623023406984,0.12070775047971016,,0,2.001947481452786
0,5,86,True,late,1,7,,,0.0,1.0470623023406984,0.10202567471292409,,0,2.0038308828549125
0,5,87,True,late,0,0,,,0.09959665539945868,1.090143084953562,0.10873872079722673,,0,2.00067575636001
0,5,88,True,late,0,0,,,0.16122960747793505,1.1801604903392784,0.14518326563825076,,0,0.20372823960543845
