record,position,top1_match,max_abs_logit_difference,mean_abs_logit_difference,serial_divergent_accepted_tokens_in_action,strict_accepted_prefix_length,causal_comparable_positions
0,0,1,0.0625,0.003185272216796875,0,7,7
0,1,1,0.5,0.14680826663970947,0,7,7
0,2,1,0.4375,0.13933038711547852,0,7,7
0,3,1,0.701171875,0.20911455154418945,0,7,7
0,4,1,0.6875,0.18820571899414062,0,7,7
0,5,1,0.75,0.16115903854370117,0,7,7
0,6,1,0.46875,0.13860511779785156,0,7,7
1,0,1,0.125,0.006636500358581543,0,0,1
2,0,1,0.125,0.0039577484130859375,0,0,1
3,0,1,0.125,0.005453944206237793,0,0,1
4,0,1,0.125,0.006646633148193359,0,0,1
5,0,1,0.125,0.005474090576171875,0,0,1
6,0,1,0.25,0.008253097534179688,0,0,1
7,0,1,0.25,0.0056915283203125,0,0,1
8,0,1,0.25,0.00632476806640625,0,3,4
8,1,1,0.625,0.15155982971191406,0,3,4
8,2,1,0.6875,0.15631914138793945,0,3,4
8,3,1,0.875,0.16582870483398438,0,3,4
9,0,1,0.125,0.006876468658447266,0,0,1
10,0,1,0.25,0.004563570022583008,0,3,4
10,1,1,0.46875,0.14340877532958984,0,3,4
10,2,1,0.75,0.16879189014434814,0,3,4
10,3,1,0.75,0.18570423126220703,0,3,4
11,0,1,0.125,0.006060600280761719,0,0,1
12,0,1,0.25,0.005580782890319824,0,2,3
12,1,1,0.625,0.1673564910888672,0,2,3
12,2,1,0.625,0.13219547271728516,0,2,3
13,0,1,0.25,0.0065765380859375,0,7,7
13,1,1,0.5,0.129669189453125,0,7,7
13,2,1,0.640625,0.1554431915283203,0,7,7
13,3,1,0.5078125,0.13501930236816406,0,7,7
13,4,1,0.765625,0.21373200416564941,0,7,7
13,5,1,0.75,0.1748828887939453,0,7,7
13,6,1,0.40625,0.09417867660522461,0,7,7
14,0,1,0.125,0.004852771759033203,0,0,1
15,0,1,0.125,0.004251856356859207,0,1,2
15,1,1,0.48046875,0.15263235569000244,0,1,2
16,0,1,0.125,0.0051822662353515625,0,0,1
17,0,1,0.25,0.01163482666015625,0,0,1
18,0,1,0.25,0.01262664794921875,0,7,7
18,1,1,0.513671875,0.11238336563110352,0,7,7
18,2,1,0.6875,0.17737364768981934,0,7,7
18,3,1,0.5,0.15633201599121094,0,7,7
18,4,1,0.625,0.16704154014587402,0,7,7
18,5,1,0.6875,0.16903305053710938,0,7,7
18,6,1,0.3125,0.0843498706817627,0,7,7
19,0,1,0.125,0.00701904296875,0,0,1
20,0,1,0.25,0.007555961608886719,0,0,1
21,0,1,0.25,0.0065364837646484375,0,0,1
22,0,1,0.25,0.0057659149169921875,0,0,1
23,0,1,0.25,0.008680343627929688,0,7,7
23,1,1,0.5,0.1526474952697754,0,7,7
23,2,1,0.5859375,0.1634082794189453,0,7,7
23,3,1,0.625,0.17804718017578125,0,7,7
23,4,1,0.7421875,0.19084739685058594,0,7,7
23,5,1,0.65625,0.16810989379882812,0,7,7
23,6,1,0.375,0.10397815704345703,0,7,7
24,0,1,0.125,0.007713794708251953,0,0,1
25,0,1,0.125,0.009105205535888672,0,0,1
26,0,1,0.125,0.0069122314453125,0,0,1
27,0,1,0.125,0.0060176849365234375,0,0,1
28,0,1,0.125,0.008588790893554688,0,0,1
29,0,1,0.125,0.00606536865234375,0,0,1
30,0,1,0.125,0.007610321044921875,0,0,1
31,0,1,0.125,0.007686614990234375,0,2,3
31,1,1,0.75,0.14445829391479492,0,2,3
31,2,1,0.75,0.19586753845214844,0,2,3
32,0,1,0.0625,0.004736900329589844,0,0,1
33,0,1,0.125,0.006396770477294922,0,0,1
34,0,1,0.25,0.0050201416015625,0,0,1
35,0,1,0.125,0.006308555603027344,0,0,1
36,0,1,0.0625,0.004242897033691406,0,0,1
37,0,1,0.125,0.0043125152587890625,0,0,1
38,0,1,0.25,0.006331443786621094,0,0,1
39,0,1,0.125,0.00830078125,0,3,4
39,1,1,0.625,0.15595412254333496,0,3,4
39,2,1,0.75,0.12987899780273438,0,3,4
39,3,1,0.796875,0.20888757705688477,0,3,4
40,0,1,0.125,0.005221843719482422,0,7,7
40,1,1,0.3828125,0.110748291015625,0,7,7
40,2,1,0.56396484375,0.12793731689453125,0,7,7
40,3,1,0.65625,0.16826820373535156,0,7,7
40,4,1,0.75,0.16251564025878906,0,7,7
40,5,1,0.5,0.13318443298339844,0,7,7
40,6,1,0.3125,0.07677316665649414,0,7,7
41,0,1,0.125,0.00565338134765625,0,7,7
41,1,1,0.375,0.10506200790405273,0,7,7
41,2,1,0.625,0.11759686470031738,0,7,7
41,3,1,0.75,0.23279690742492676,0,7,7
41,4,1,0.6875,0.1852564811706543,0,7,7
41,5,1,0.6875,0.15848994255065918,0,7,7
41,6,1,0.3125,0.09069156646728516,0,7,7
42,0,1,0.125,0.005306243896484375,0,0,1
43,0,1,0.125,0.00588381290435791,0,0,1
44,0,1,0.125,0.005721844732761383,0,0,1
45,0,1,0.125,0.004849433898925781,0,0,1
46,0,1,0.125,0.008254051208496094,0,0,1
47,0,1,0.125,0.006268501281738281,0,0,1
48,0,1,0.25,0.0076751708984375,0,0,1
49,0,1,0.125,0.005757331848144531,0,0,1
50,0,1,0.125,0.00450897216796875,0,0,1
51,0,1,0.125,0.004802703857421875,0,3,4
51,1,1,0.5,0.12451171875,0,3,4
51,2,1,0.59375,0.1661229133605957,0,3,4
51,3,0,1.1875,0.19700294733047485,0,3,4
52,0,1,0.125,0.004292488098144531,0,1,2
52,1,1,0.5625,0.1722571849822998,0,1,2
53,0,1,0.25,0.005793571472167969,0,1,2
53,1,1,0.5,0.1642608642578125,0,1,2
54,0,1,0.125,0.005229949951171875,0,1,2
54,1,1,0.4375,0.1236262321472168,0,1,2
55,0,1,0.125,0.006857872009277344,0,1,2
55,1,1,0.390625,0.1467723846435547,0,1,2
56,0,1,0.125,0.00537109375,0,1,2
56,1,1,0.4375,0.11112403869628906,0,1,2
57,0,1,0.25,0.006369829177856445,0,0,1
58,0,1,0.25,0.005101680755615234,3,7,3
58,1,1,0.625,0.14677566289901733,3,7,3
58,2,0,0.890625,0.2037639617919922,3,7,3
59,0,1,0.125,0.006012439727783203,0,0,1
60,0,1,0.125,0.005643367767333984,0,0,1
61,0,1,0.125,0.003658294677734375,0,1,2
61,1,1,0.640625,0.1672687530517578,0,1,2
62,0,1,0.125,0.007465362548828125,0,2,3
62,1,1,0.53125,0.14671540260314941,0,2,3
62,2,1,0.65625,0.18925833702087402,0,2,3
63,0,1,0.125,0.008858203887939453,0,0,1
64,0,1,0.125,0.0061016082763671875,0,0,1
65,0,1,0.125,0.009009361267089844,0,1,2
65,1,1,0.625,0.16890984773635864,0,1,2
66,0,1,0.125,0.006763458251953125,0,0,1
67,0,1,0.125,0.0076751708984375,0,0,1
68,0,1,0.25,0.0068511962890625,0,0,1
69,0,1,0.125,0.0065670013427734375,0,0,1
70,0,1,0.25,0.00727689266204834,0,0,1
71,0,1,0.25,0.011447906494140625,0,0,1
72,0,1,0.125,0.0046825408935546875,0,4,5
72,1,1,0.5,0.11352348327636719,0,4,5
72,2,1,0.5,0.12238311767578125,0,4,5
72,3,1,0.634765625,0.1431293487548828,0,4,5
72,4,1,0.671875,0.1991291046142578,0,4,5
73,0,1,0.25,0.007737159729003906,0,7,7
73,1,1,0.75,0.18160057067871094,0,7,7
73,2,1,0.625,0.16025161743164062,0,7,7
73,3,1,0.6875,0.16897201538085938,0,7,7
73,4,1,0.625,0.17765593528747559,0,7,7
73,5,1,1.0,0.2245941162109375,0,7,7
73,6,1,0.42578125,0.10038566589355469,0,7,7
74,0,1,0.125,0.008365631103515625,0,0,1
75,0,1,0.125,0.0038433074951171875,0,0,1
76,0,1,0.125,0.005218982696533203,0,0,1
77,0,1,0.125,0.00661468505859375,0,4,5
77,1,1,0.625,0.1674022078514099,0,4,5
77,2,1,1.0,0.20392608642578125,0,4,5
77,3,1,0.5625,0.16904163360595703,0,4,5
77,4,0,0.75,0.14815521240234375,0,4,5
78,0,1,0.125,0.0066356658935546875,0,0,1
79,0,1,0.25,0.006322741508483887,0,0,1
80,0,1,0.25,0.0071811676025390625,0,7,7
80,1,1,0.875,0.2087554931640625,0,7,7
80,2,1,0.734375,0.21159744262695312,0,7,7
80,3,1,0.5625,0.13899707794189453,0,7,7
80,4,1,0.8125,0.23726272583007812,0,7,7
80,5,1,0.75,0.19888925552368164,0,7,7
80,6,1,0.4375,0.14632415771484375,0,7,7
81,0,1,0.25,0.0076618194580078125,0,7,7
81,1,1,0.75,0.15705299377441406,0,7,7
81,2,1,0.5,0.15782690048217773,0,7,7
81,3,1,0.75,0.19776153564453125,0,7,7
81,4,1,0.625,0.15782546997070312,0,7,7
81,5,1,0.62890625,0.17227745056152344,0,7,7
81,6,1,0.375,0.09537482261657715,0,7,7
82,0,1,0.125,0.008159637451171875,0,7,7
82,1,1,0.640625,0.18849873542785645,0,7,7
82,2,1,0.625,0.18341755867004395,0,7,7
82,3,1,0.625,0.14156341552734375,0,7,7
82,4,1,0.75,0.18503189086914062,0,7,7
82,5,1,0.5,0.15592336654663086,0,7,7
82,6,1,0.4375,0.1253061294555664,0,7,7
83,0,1,0.125,0.005154609680175781,0,7,7
83,1,1,0.625,0.18426847457885742,0,7,7
83,2,1,0.875,0.19585740566253662,0,7,7
83,3,1,0.625,0.15236282348632812,0,7,7
83,4,1,0.75,0.2043461799621582,0,7,7
83,5,1,0.8125,0.17399120330810547,0,7,7
83,6,1,0.4736328125,0.11899447441101074,0,7,7
84,0,1,0.125,0.0054168701171875,0,0,1
85,0,1,0.125,0.0060367584228515625,0,1,2
85,1,1,0.75,0.17025724053382874,0,1,2
86,0,1,0.125,0.0069713592529296875,0,0,1
87,0,1,0.125,0.0053501129150390625,0,0,1
88,0,1,0.25,0.007427215576171875,0,0,1
89,0,1,0.125,0.00658416748046875,0,0,1
90,0,1,0.125,0.008222579956054688,0,0,1
91,0,1,0.125,0.005619049072265625,0,2,3
91,1,1,0.625,0.154815673828125,0,2,3
91,2,1,0.875,0.2032785415649414,0,2,3
92,0,1,0.25,0.007170677185058594,0,0,1
93,0,1,0.125,0.007780551910400391,0,0,1
94,0,1,0.125,0.00582122802734375,0,0,1
95,0,1,0.125,0.004490375518798828,0,7,7
95,1,1,0.625,0.16000843048095703,0,7,7
95,2,1,0.625,0.15659332275390625,0,7,7
95,3,1,0.625,0.1873307228088379,0,7,7
95,4,1,0.8125,0.19580793380737305,0,7,7
95,5,1,0.875,0.20988178253173828,0,7,7
95,6,1,0.359375,0.08814501762390137,0,7,7
96,0,1,0.125,0.007602691650390625,0,7,7
96,1,1,0.5,0.12862920761108398,0,7,7
96,2,1,0.6875,0.16829872131347656,0,7,7
96,3,1,0.75,0.14646148681640625,0,7,7
96,4,1,0.75,0.19168663024902344,0,7,7
96,5,1,0.71875,0.196197509765625,0,7,7
96,6,1,0.3671875,0.0980691909790039,0,7,7
97,0,1,0.125,0.0058441162109375,0,7,7
97,1,1,0.48046875,0.1414034366607666,0,7,7
97,2,1,0.625,0.19562381505966187,0,7,7
97,3,1,0.8125,0.1865062713623047,0,7,7
97,4,1,0.75,0.20217514038085938,0,7,7
97,5,1,0.9375,0.19582653045654297,0,7,7
97,6,1,0.3125,0.08732986450195312,0,7,7
98,0,1,0.125,0.00669020414352417,4,7,2
98,1,0,0.625,0.14217758178710938,4,7,2
99,0,1,0.125,0.0059528350830078125,0,1,2
99,1,1,0.517578125,0.15207290649414062,0,1,2
100,0,1,0.125,0.0056514739990234375,0,3,5
100,1,1,0.5,0.15033698081970215,0,3,5
100,2,1,0.771484375,0.20058822631835938,0,3,5
100,3,0,0.625,0.14162373542785645,0,3,5
100,4,1,0.625,0.1775665283203125,0,3,5
101,0,1,0.125,0.0070400238037109375,0,1,2
101,1,0,0.5703125,0.1585369110107422,0,1,2
102,0,1,0.125,0.00685882568359375,0,1,2
102,1,1,0.5625,0.1502065658569336,0,1,2
103,0,1,0.125,0.006626605987548828,0,0,1
104,0,1,0.125,0.005782127380371094,0,0,1
105,0,1,0.125,0.00571441650390625,0,2,3
105,1,1,0.6875,0.15695953369140625,0,2,3
105,2,1,0.875,0.22033214569091797,0,2,3
106,0,1,0.125,0.0057277679443359375,0,7,7
106,1,1,0.875,0.23032760620117188,0,7,7
106,2,1,0.75,0.17616558074951172,0,7,7
106,3,1,0.65625,0.1501760482788086,0,7,7
106,4,1,0.875,0.24516546726226807,0,7,7
106,5,1,0.6875,0.17541980743408203,0,7,7
106,6,1,0.40625,0.09488677978515625,0,7,7
107,0,1,0.125,0.0038909912109375,0,7,7
107,1,1,0.6875,0.18019771575927734,0,7,7
107,2,1,0.75,0.21732378005981445,0,7,7
107,3,1,0.78125,0.14224815368652344,0,7,7
107,4,1,0.6875,0.21171855926513672,0,7,7
107,5,1,1.0,0.19589900970458984,0,7,7
107,6,1,0.375,0.09723711013793945,0,7,7
108,0,1,0.125,0.004082679748535156,0,1,2
108,1,1,0.859375,0.18948745727539062,0,1,2
109,0,1,0.125,0.007686614990234375,0,7,7
109,1,1,0.75,0.20281028747558594,0,7,7
109,2,1,0.625,0.1851043701171875,0,7,7
109,3,1,0.625,0.1536874771118164,0,7,7
109,4,1,0.59375,0.16546630859375,0,7,7
109,5,1,0.875,0.15926694869995117,0,7,7
109,6,1,0.359375,0.09795475006103516,0,7,7
110,0,1,0.125,0.007310390472412109,0,7,7
110,1,1,1.0,0.24041748046875,0,7,7
110,2,1,0.625,0.1582632064819336,0,7,7
110,3,1,0.75,0.2030157744884491,0,7,7
110,4,1,0.6875,0.1702728271484375,0,7,7
110,5,1,0.71875,0.18204760551452637,0,7,7
110,6,1,0.375,0.10695892572402954,0,7,7
111,0,1,0.125,0.004391789436340332,0,7,7
111,1,1,0.875,0.20113182067871094,0,7,7
111,2,1,0.5625,0.1630401611328125,0,7,7
111,3,1,0.875,0.2023618221282959,0,7,7
111,4,1,0.75,0.21151971817016602,0,7,7
111,5,1,0.5625,0.15744233131408691,0,7,7
111,6,1,0.34375,0.08593034744262695,0,7,7
112,0,1,0.125,0.0048274993896484375,0,7,7
112,1,1,0.75,0.20943450927734375,0,7,7
112,2,1,0.625,0.17773056030273438,0,7,7
112,3,1,0.5,0.15297171473503113,0,7,7
112,4,1,0.6875,0.15889358520507812,0,7,7
112,5,1,0.53125,0.17124271392822266,0,7,7
112,6,1,0.40625,0.08730220794677734,0,7,7
113,0,1,0.125,0.00534820556640625,0,7,7
113,1,1,0.625,0.1862804889678955,0,7,7
113,2,1,0.6875,0.18189430236816406,0,7,7
113,3,1,0.625,0.1808938980102539,0,7,7
113,4,1,0.625,0.18244171142578125,0,7,7
113,5,1,0.75,0.18594646453857422,0,7,7
113,6,1,0.5,0.10002034902572632,0,7,7
114,0,1,0.125,0.006069183349609375,0,7,7
114,1,1,0.9375,0.23488235473632812,0,7,7
114,2,1,0.75,0.17203950881958008,0,7,7
114,3,1,1.125,0.1954212188720703,0,7,7
114,4,1,0.7978515625,0.18223190307617188,0,7,7
114,5,1,0.6875,0.17519140243530273,0,7,7
114,6,1,0.3125,0.08752584457397461,0,7,7
115,0,1,0.125,0.0068683624267578125,0,7,7
115,1,1,0.625,0.1855010986328125,0,7,7
115,2,1,0.5625,0.14683961868286133,0,7,7
115,3,1,0.6396484375,0.15257644653320312,0,7,7
115,4,1,0.875,0.22513675689697266,0,7,7
115,5,1,0.625,0.16346806287765503,0,7,7
115,6,1,0.34375,0.09825587272644043,0,7,7
116,0,1,0.125,0.005893707275390625,0,7,7
116,1,1,0.75,0.1758251190185547,0,7,7
116,2,1,0.8125,0.1650526523590088,0,7,7
116,3,1,0.6875,0.1584949493408203,0,7,7
116,4,1,0.703125,0.18285369873046875,0,7,7
116,5,1,0.75,0.22446346282958984,0,7,7
116,6,1,0.34375,0.08901214599609375,0,7,7
117,0,1,0.125,0.0054950714111328125,2,7,5
117,1,1,0.6875,0.16962814331054688,2,7,5
117,2,1,0.5625,0.1643829345703125,2,7,5
117,3,1,0.46875,0.14357483386993408,2,7,5
117,4,0,0.8203125,0.22960281372070312,2,7,5
118,0,1,0.125,0.00388336181640625,0,7,7
118,1,1,0.625,0.1658424735069275,0,7,7
118,2,1,0.6875,0.1750926971435547,0,7,7
118,3,1,0.5625,0.14028985798358917,0,7,7
118,4,1,0.75,0.19475555419921875,0,7,7
118,5,1,0.75,0.1935710906982422,0,7,7
118,6,1,0.3125,0.0890607237815857,0,7,7
119,0,1,0.125,0.00482940673828125,0,7,7
119,1,1,0.62890625,0.1678781509399414,0,7,7
119,2,1,0.6875,0.15069007873535156,0,7,7
119,3,1,0.6875,0.17531538009643555,0,7,7
119,4,1,0.6875,0.22025728225708008,0,7,7
119,5,1,0.75,0.16896724700927734,0,7,7
119,6,1,0.375,0.09889471530914307,0,7,7
120,0,1,0.125,0.008363723754882812,0,1,2
120,1,1,0.625,0.21085596084594727,0,1,2
121,0,1,0.125,0.007965564727783203,0,7,7
121,1,1,0.625,0.14211511611938477,0,7,7
121,2,1,0.6875,0.14325237274169922,0,7,7
121,3,1,0.78125,0.15925073623657227,0,7,7
121,4,1,1.0,0.22701454162597656,0,7,7
121,5,1,0.79296875,0.22290802001953125,0,7,7
121,6,1,0.375,0.1072545051574707,0,7,7
122,0,1,0.125,0.006405353546142578,0,1,2
122,1,1,0.6875,0.20534706115722656,0,1,2
123,0,1,0.125,0.006076812744140625,0,1,2
123,1,1,0.875,0.1739940643310547,0,1,2
124,0,1,0.125,0.008253514766693115,0,3,7
124,1,1,0.78125,0.21672582626342773,0,3,7
124,2,1,0.75,0.18802833557128906,0,3,7
124,3,0,0.6875,0.15567874908447266,0,3,7
124,4,1,1.0,0.26741504669189453,0,3,7
124,5,1,0.640625,0.1844949722290039,0,3,7
124,6,1,0.328125,0.10930538177490234,0,3,7
125,0,1,0.125,0.00840085744857788,0,7,7
125,1,1,0.75,0.1880474090576172,0,7,7
125,2,1,0.6875,0.16073226928710938,0,7,7
125,3,1,0.96875,0.2048778533935547,0,7,7
125,4,1,0.8125,0.18196868896484375,0,7,7
125,5,1,0.6875,0.18505096435546875,0,7,7
125,6,1,0.3125,0.10553550720214844,0,7,7
126,0,1,0.125,0.00355607271194458,0,1,7
126,1,0,0.625,0.15279603004455566,0,1,7
126,2,1,0.75,0.2147216796875,0,1,7
126,3,1,0.59375,0.1608734130859375,0,1,7
126,4,1,0.7734375,0.2005290985107422,0,1,7
126,5,1,0.6953125,0.20311832427978516,0,1,7
126,6,1,0.3828125,0.11922645568847656,0,1,7
127,0,1,0.125,0.0058841705322265625,0,1,2
127,1,1,0.75,0.18349313735961914,0,1,2
128,0,1,0.125,0.0044193267822265625,0,7,7
128,1,1,0.75,0.19553375244140625,0,7,7
128,2,1,0.59375,0.15782546997070312,0,7,7
128,3,1,0.8125,0.1302521675825119,0,7,7
128,4,1,0.8125,0.2168588638305664,0,7,7
128,5,1,0.71875,0.17294979095458984,0,7,7
128,6,1,0.35546875,0.08860015869140625,0,7,7
129,0,1,0.125,0.004863262176513672,0,7,7
129,1,1,0.875,0.2318553924560547,0,7,7
129,2,1,0.75,0.1747894287109375,0,7,7
129,3,1,0.6875,0.19227850437164307,0,7,7
129,4,1,0.5,0.1412200927734375,0,7,7
129,5,1,0.65625,0.1905364990234375,0,7,7
129,6,1,0.4453125,0.09555625915527344,0,7,7
130,0,1,0.125,0.0049381256103515625,0,7,7
130,1,1,0.84375,0.20172119140625,0,7,7
130,2,1,0.6875,0.18069934844970703,0,7,7
130,3,1,0.75,0.14825916290283203,0,7,7
130,4,1,0.75,0.2150115966796875,0,7,7
130,5,1,0.625,0.17467832565307617,0,7,7
130,6,1,0.3125,0.0989377498626709,0,7,7
131,0,1,0.125,0.007877349853515625,0,7,7
131,1,1,0.625,0.16889429092407227,0,7,7
131,2,1,0.75,0.1918182373046875,0,7,7
131,3,1,0.52880859375,0.1566753387451172,0,7,7
131,4,1,0.875,0.1935272216796875,0,7,7
131,5,1,1.125,0.2448408603668213,0,7,7
131,6,1,0.3125,0.08920907974243164,0,7,7
132,0,1,0.125,0.003780364990234375,0,7,7
132,1,1,0.6796875,0.17294424772262573,0,7,7
132,2,1,0.625,0.17327880859375,0,7,7
132,3,1,0.5625,0.16773414611816406,0,7,7
132,4,1,0.75,0.20201778411865234,0,7,7
132,5,1,0.75,0.2209022045135498,0,7,7
132,6,1,0.40625,0.09625840187072754,0,7,7
133,0,1,0.125,0.008039593696594238,0,7,7
133,1,1,0.6875,0.20188426971435547,0,7,7
133,2,1,0.625,0.1603708267211914,0,7,7
133,3,1,0.625,0.15263652801513672,0,7,7
133,4,1,0.71875,0.18867313861846924,0,7,7
133,5,1,0.5,0.14623069763183594,0,7,7
133,6,1,0.359375,0.0891866683959961,0,7,7
134,0,1,0.125,0.00445556640625,0,7,7
134,1,1,0.625,0.17339134216308594,0,7,7
134,2,1,0.5546875,0.14473474025726318,0,7,7
134,3,1,0.75,0.15710949897766113,0,7,7
134,4,1,0.75,0.14984130859375,0,7,7
134,5,1,0.75,0.15201210975646973,0,7,7
134,6,1,0.37109375,0.09703326225280762,0,7,7
135,0,1,0.125,0.006542205810546875,0,7,7
135,1,1,0.625,0.16461396217346191,0,7,7
135,2,1,0.71875,0.1873035430908203,0,7,7
135,3,1,0.5625,0.14097023010253906,0,7,7
135,4,1,0.75,0.1952972412109375,0,7,7
135,5,1,0.625,0.18293380737304688,0,7,7
135,6,1,0.34375,0.08825206756591797,0,7,7
136,0,1,0.125,0.005443572998046875,0,7,7
136,1,1,0.625,0.16458606719970703,0,7,7
136,2,1,0.5625,0.1483454704284668,0,7,7
136,3,1,0.9375,0.22301387786865234,0,7,7
136,4,1,0.875,0.18724441528320312,0,7,7
136,5,1,0.75,0.1845855712890625,0,7,7
136,6,1,0.34375,0.0910654067993164,0,7,7
137,0,1,0.125,0.005367279052734375,0,1,2
137,1,1,0.59375,0.1673879623413086,0,1,2
138,0,1,0.125,0.00820159912109375,0,1,2
138,1,1,1.0,0.2191309928894043,0,1,2
139,0,1,0.125,0.0056552886962890625,0,7,7
139,1,1,0.75,0.19998645782470703,0,7,7
139,2,1,0.625,0.18025588989257812,0,7,7
139,3,1,0.75,0.1677786111831665,0,7,7
139,4,1,1.0625,0.23700523376464844,0,7,7
139,5,1,0.8125,0.2116682529449463,0,7,7
139,6,1,0.3828125,0.1065642237663269,0,7,7
140,0,1,0.125,0.00525665283203125,0,7,7
140,1,1,0.625,0.15398937463760376,0,7,7
140,2,1,0.6875,0.17381000518798828,0,7,7
140,3,1,0.5625,0.16485801339149475,0,7,7
140,4,1,0.65625,0.17990875244140625,0,7,7
140,5,1,0.6875,0.19399785995483398,0,7,7
140,6,1,0.4375,0.10042023658752441,0,7,7
141,0,1,0.125,0.0059299468994140625,0,1,2
141,1,1,0.875,0.187957763671875,0,1,2
142,0,1,0.125,0.0051250457763671875,0,3,4
142,1,1,0.5625,0.16370201110839844,0,3,4
142,2,1,0.6875,0.19580793380737305,0,3,4
142,3,1,0.703125,0.17074084281921387,0,3,4
143,0,1,0.125,0.007904052734375,0,1,2
143,1,1,0.5,0.14957427978515625,0,1,2
144,0,1,0.125,0.006500244140625,0,0,1
145,0,1,0.125,0.004496335983276367,0,0,1
146,0,1,0.125,0.005326271057128906,0,7,7
146,1,1,0.625,0.1573619842529297,0,7,7
146,2,1,0.53125,0.15164917707443237,0,7,7
146,3,1,0.625,0.16551214456558228,0,7,7
146,4,1,0.625,0.1821613311767578,0,7,7
146,5,1,0.59375,0.1365041732788086,0,7,7
146,6,1,0.28125,0.08446981012821198,0,7,7
147,0,1,0.125,0.005717277526855469,0,7,7
147,1,1,0.75,0.2042093276977539,0,7,7
147,2,1,0.7421875,0.15546438097953796,0,7,7
147,3,1,0.625,0.15166664123535156,0,7,7
147,4,1,0.6875,0.17849159240722656,0,7,7
147,5,1,0.875,0.149688720703125,0,7,7
147,6,1,0.328125,0.09051513671875,0,7,7
148,0,1,0.125,0.005631923675537109,0,7,7
148,1,1,0.875,0.17843341827392578,0,7,7
148,2,1,0.78125,0.18988656997680664,0,7,7
148,3,1,0.625,0.16542720794677734,0,7,7
148,4,1,0.65625,0.16930389404296875,0,7,7
148,5,1,0.65625,0.19048690795898438,0,7,7
148,6,1,0.28125,0.08434292674064636,0,7,7
149,0,1,0.0625,0.002166748046875,0,7,7
149,1,1,0.625,0.1492767333984375,0,7,7
149,2,1,0.75,0.15795540809631348,0,7,7
149,3,1,0.5625,0.1484088897705078,0,7,7
149,4,1,0.75,0.1941852569580078,0,7,7
149,5,1,0.5,0.1459217071533203,0,7,7
149,6,1,0.3125,0.08946704864501953,0,7,7
150,0,1,0.125,0.005720615386962891,0,1,2
150,1,1,0.75,0.19576263427734375,0,1,2
151,0,1,0.125,0.005743980407714844,0,3,4
151,1,1,0.6875,0.17679786682128906,0,3,4
151,2,1,0.625,0.17528867721557617,0,3,4
151,3,1,0.7265625,0.18409252166748047,0,3,4
152,0,1,0.125,0.0064544677734375,2,3,2
152,1,0,1.0,0.1791071891784668,2,3,2
153,0,1,0.125,0.005410194396972656,0,3,4
153,1,1,0.75,0.17551803588867188,0,3,4
153,2,1,0.6328125,0.15211820602416992,0,3,4
153,3,1,0.625,0.1765289306640625,0,3,4
154,0,1,0.125,0.004958152770996094,0,0,1
155,0,1,0.125,0.0038051605224609375,0,0,1
156,0,1,0.125,0.004619598388671875,0,7,7
156,1,1,0.625,0.19401931762695312,0,7,7
156,2,1,0.75,0.18603515625,0,7,7
156,3,1,0.6875,0.13646411895751953,0,7,7
156,4,1,0.625,0.1915111541748047,0,7,7
156,5,1,0.71875,0.17155197262763977,0,7,7
156,6,1,0.3359375,0.08913803100585938,0,7,7
157,0,1,0.125,0.0047512054443359375,0,7,7
157,1,1,0.875,0.22743988037109375,0,7,7
157,2,1,0.6875,0.17676925659179688,0,7,7
157,3,1,0.9375,0.21781158447265625,0,7,7
157,4,1,0.765625,0.16779422760009766,0,7,7
157,5,1,0.71875,0.19794178009033203,0,7,7
157,6,1,0.421875,0.11379194259643555,0,7,7
158,0,1,0.125,0.0061206817626953125,0,7,7
158,1,1,1.125,0.23200321197509766,0,7,7
158,2,1,0.578125,0.17173290252685547,0,7,7
158,3,1,0.75,0.15301227569580078,0,7,7
158,4,1,0.8125,0.1830911636352539,0,7,7
158,5,1,0.576171875,0.1833629608154297,0,7,7
158,6,1,0.3515625,0.08208751678466797,0,7,7
159,0,1,0.125,0.004540443420410156,0,7,7
159,1,1,0.75,0.19365310668945312,0,7,7
159,2,1,0.6953125,0.18896865844726562,0,7,7
159,3,1,0.5625,0.15089035034179688,0,7,7
159,4,1,0.765625,0.21557140350341797,0,7,7
159,5,1,0.6875,0.17436790466308594,0,7,7
159,6,1,0.375,0.11512529850006104,0,7,7
160,0,1,0.125,0.004058837890625,0,7,7
160,1,1,0.625,0.1650104522705078,0,7,7
160,2,1,0.5625,0.1544109433889389,0,7,7
160,3,1,0.5,0.15591907501220703,0,7,7
160,4,1,0.875,0.2055511474609375,0,7,7
160,5,1,0.75,0.1760883331298828,0,7,7
160,6,1,0.375,0.08632850646972656,0,7,7
161,0,1,0.125,0.005185127258300781,0,7,7
161,1,1,0.625,0.17370033264160156,0,7,7
161,2,1,0.5,0.15797340869903564,0,7,7
161,3,1,0.59375,0.15841102600097656,0,7,7
161,4,1,0.625,0.19548416137695312,0,7,7
161,5,1,0.75,0.17797088623046875,0,7,7
161,6,1,0.375,0.08536911010742188,0,7,7
162,0,1,0.125,0.0054473876953125,0,7,7
162,1,1,0.859375,0.24723052978515625,0,7,7
162,2,1,0.75,0.19480228424072266,0,7,7
162,3,1,0.625,0.18223237991333008,0,7,7
162,4,1,0.75,0.19649696350097656,0,7,7
162,5,1,0.8046875,0.2108001708984375,0,7,7
162,6,1,0.375,0.10096454620361328,0,7,7
163,0,1,0.125,0.005648612976074219,0,7,7
163,1,1,0.8125,0.20630836486816406,0,7,7
163,2,1,1.0,0.2040700912475586,0,7,7
163,3,1,0.65625,0.16723817586898804,0,7,7
163,4,1,1.0,0.19635772705078125,0,7,7
163,5,1,0.8125,0.15944480895996094,0,7,7
163,6,1,0.375,0.09389615058898926,0,7,7
164,0,1,0.125,0.0042266845703125,0,7,7
164,1,1,0.6875,0.17515230178833008,0,7,7
164,2,1,0.6875,0.17072677612304688,0,7,7
164,3,1,0.51171875,0.15059661865234375,0,7,7
164,4,1,0.75,0.19686126708984375,0,7,7
164,5,1,0.578125,0.17336654663085938,0,7,7
164,6,1,0.375,0.08597332239151001,0,7,7
165,0,1,0.125,0.006513237953186035,0,7,7
165,1,1,0.75,0.1677532196044922,0,7,7
165,2,1,0.625,0.13949298858642578,0,7,7
165,3,1,0.65625,0.16227149963378906,0,7,7
165,4,1,0.75,0.1885852813720703,0,7,7
165,5,1,0.6875,0.20009183883666992,0,7,7
165,6,1,0.4375,0.09155702590942383,0,7,7
166,0,1,0.125,0.003948211669921875,0,1,2
166,1,1,0.703125,0.18436050415039062,0,1,2
167,0,1,0.125,0.007170915603637695,0,1,2
167,1,1,0.875,0.19356918334960938,0,1,2
168,0,1,0.125,0.004482269287109375,0,7,7
168,1,1,0.75,0.17998409271240234,0,7,7
168,2,1,0.546875,0.1664133071899414,0,7,7
168,3,1,0.51220703125,0.16399693489074707,0,7,7
168,4,1,0.75,0.17459487915039062,0,7,7
168,5,1,0.6875,0.17855262756347656,0,7,7
168,6,1,0.328125,0.0914163589477539,0,7,7
169,0,1,0.125,0.004949092864990234,0,7,7
169,1,1,0.6875,0.18597030639648438,0,7,7
169,2,1,0.703125,0.1559457778930664,0,7,7
169,3,1,0.53125,0.16117286682128906,0,7,7
169,4,1,0.875,0.18566131591796875,0,7,7
169,5,1,0.5,0.1428518295288086,0,7,7
169,6,1,0.34375,0.09404954314231873,0,7,7
170,0,1,0.125,0.005808591842651367,0,7,7
170,1,1,0.75,0.19620513916015625,0,7,7
170,2,1,0.6875,0.15281963348388672,0,7,7
170,3,1,0.5,0.1455174684524536,0,7,7
170,4,1,0.875,0.19179725646972656,0,7,7
170,5,1,0.5,0.15897297859191895,0,7,7
170,6,1,0.375,0.08847600221633911,0,7,7
171,0,1,0.125,0.006000518798828125,0,7,7
171,1,1,0.6875,0.1868896484375,0,7,7
171,2,1,0.5625,0.15935206413269043,0,7,7
171,3,1,0.625,0.16308438777923584,0,7,7
171,4,1,0.625,0.19627636671066284,0,7,7
171,5,1,0.75,0.19983196258544922,0,7,7
171,6,1,0.3544921875,0.09287285804748535,0,7,7
172,0,1,0.125,0.0067081451416015625,0,7,7
172,1,1,0.5625,0.16530418395996094,0,7,7
172,2,1,0.74609375,0.15378475189208984,0,7,7
172,3,1,0.625,0.18145465850830078,0,7,7
172,4,1,0.75,0.18006134033203125,0,7,7
172,5,1,0.625,0.20157241821289062,0,7,7
172,6,1,0.375,0.08288288116455078,0,7,7
173,0,1,0.0625,0.004434466361999512,0,7,7
173,1,1,0.5,0.16481971740722656,0,7,7
173,2,1,0.6875,0.18482959270477295,0,7,7
173,3,1,0.53125,0.13263988494873047,0,7,7
173,4,1,0.625,0.19916629791259766,0,7,7
173,5,1,0.5625,0.1598280668258667,0,7,7
173,6,1,0.5,0.08426332473754883,0,7,7
174,0,1,0.125,0.00730133056640625,0,7,7
174,1,1,0.8125,0.18308544158935547,0,7,7
174,2,1,0.5625,0.1714935302734375,0,7,7
174,3,1,0.5625,0.16141319274902344,0,7,7
174,4,1,0.625,0.15862798690795898,0,7,7
174,5,1,0.5703125,0.15691184997558594,0,7,7
174,6,1,0.328125,0.0916290283203125,0,7,7
175,0,1,0.125,0.007259368896484375,0,7,7
175,1,1,0.6875,0.16071796417236328,0,7,7
175,2,1,0.75,0.1708827018737793,0,7,7
175,3,1,0.65625,0.1315460205078125,0,7,7
175,4,1,0.75,0.17985153198242188,0,7,7
175,5,1,0.6875,0.148193359375,0,7,7
175,6,1,0.28662109375,0.07888054847717285,0,7,7
176,0,1,0.125,0.0056476593017578125,5,7,2
176,1,0,1.0,0.1796588897705078,5,7,2
177,0,1,0.125,0.006348609924316406,0,1,2
177,1,1,0.625,0.16742706298828125,0,1,2
178,0,1,0.125,0.005149438977241516,0,1,2
178,1,1,0.6875,0.2091541290283203,0,1,2
179,0,1,0.125,0.005474090576171875,0,7,7
179,1,1,0.84375,0.19139957427978516,0,7,7
179,2,1,0.875,0.1951746940612793,0,7,7
179,3,1,0.59375,0.14824676513671875,0,7,7
179,4,1,0.8125,0.21173858642578125,0,7,7
179,5,1,0.625,0.16467063128948212,0,7,7
179,6,1,0.34375,0.1022692620754242,0,7,7
180,0,1,0.25,0.0072879791259765625,0,1,2
180,1,1,0.75,0.19884681701660156,0,1,2
181,0,1,0.125,0.0047760009765625,0,1,2
181,1,1,0.6875,0.21172046661376953,0,1,2
182,0,1,0.125,0.005664825439453125,0,1,2
182,1,1,0.6875,0.20304203033447266,0,1,2
183,0,1,0.125,0.006613731384277344,0,1,2
183,1,1,1.0,0.2801828384399414,0,1,2
184,0,1,0.125,0.0045948028564453125,0,1,3
184,1,0,0.5703125,0.16685199737548828,0,1,3
184,2,1,0.7265625,0.17651748657226562,0,1,3
185,0,1,0.125,0.006588935852050781,0,1,2
185,1,1,0.568359375,0.1578693389892578,0,1,2
186,0,1,0.125,0.005356311798095703,0,7,7
186,1,1,0.6875,0.19189167022705078,0,7,7
186,2,1,0.84375,0.1782541275024414,0,7,7
186,3,1,0.6875,0.15027427673339844,0,7,7
186,4,1,0.75,0.2070326805114746,0,7,7
186,5,1,0.796875,0.19564151763916016,0,7,7
186,6,1,0.40625,0.09644365310668945,0,7,7
187,0,1,0.125,0.004648193717002869,0,7,7
187,1,1,0.625,0.18871688842773438,0,7,7
187,2,1,0.625,0.1562213897705078,0,7,7
187,3,1,0.78125,0.19143152236938477,0,7,7
187,4,1,0.5625,0.1636800765991211,0,7,7
187,5,1,0.75,0.16062545776367188,0,7,7
187,6,1,0.369140625,0.09883570671081543,0,7,7
188,0,1,0.125,0.00501251220703125,0,7,7
188,1,1,0.65625,0.1773076057434082,0,7,7
188,2,1,0.5625,0.15739107131958008,0,7,7
188,3,1,0.8125,0.17949485778808594,0,7,7
188,4,1,0.6875,0.1996188759803772,0,7,7
188,5,1,0.625,0.15830481052398682,0,7,7
188,6,1,0.4375,0.09078776836395264,0,7,7
189,0,1,0.125,0.007351875305175781,0,7,7
189,1,1,0.75,0.165191650390625,0,7,7
189,2,1,0.5625,0.18612241744995117,0,7,7
189,3,1,0.875,0.22730159759521484,0,7,7
189,4,1,0.84375,0.21941471099853516,0,7,7
189,5,1,0.75,0.1600046157836914,0,7,7
189,6,1,0.34375,0.09929084777832031,0,7,7
190,0,1,0.125,0.005123138427734375,0,7,7
190,1,1,0.671875,0.19850492477416992,0,7,7
190,2,1,0.625,0.17198848724365234,0,7,7
190,3,1,0.71875,0.1720294952392578,0,7,7
190,4,1,0.6875,0.19708013534545898,0,7,7
190,5,1,0.625,0.1515369415283203,0,7,7
190,6,1,0.421875,0.09300947189331055,0,7,7
191,0,1,0.125,0.005465507507324219,0,7,7
191,1,1,0.875,0.2254772186279297,0,7,7
191,2,1,0.6484375,0.15392887592315674,0,7,7
191,3,1,0.75,0.1927642822265625,0,7,7
191,4,1,0.625,0.18439483642578125,0,7,7
191,5,1,0.572265625,0.15961265563964844,0,7,7
191,6,1,0.375,0.09116649627685547,0,7,7
192,0,1,0.125,0.005954742431640625,0,7,7
192,1,1,0.625,0.17638206481933594,0,7,7
192,2,1,0.53125,0.15092849731445312,0,7,7
192,3,1,0.5,0.14602279663085938,0,7,7
192,4,1,0.625,0.1492786407470703,0,7,7
192,5,1,1.125,0.19997990131378174,0,7,7
192,6,1,0.375,0.08436703681945801,0,7,7
193,0,1,0.125,0.005340576171875,0,1,2
193,1,1,0.5625,0.1527385711669922,0,1,2
194,0,1,0.125,0.004791259765625,0,1,2
194,1,1,0.625,0.17299413681030273,0,1,2
195,0,1,0.125,0.00586390495300293,0,1,2
195,1,1,0.875,0.20745468139648438,0,1,2
196,0,1,0.125,0.007190704345703125,5,7,2
196,1,0,0.625,0.1709613800048828,5,7,2
197,0,1,0.125,0.005703926086425781,0,1,2
197,1,1,0.6875,0.15862607955932617,0,1,2
198,0,1,0.125,0.004723548889160156,0,7,7
198,1,1,0.75,0.18126392364501953,0,7,7
198,2,1,0.6875,0.1600933074951172,0,7,7
198,3,1,0.8125,0.22490596771240234,0,7,7
198,4,1,1.125,0.22215843200683594,0,7,7
198,5,1,0.75,0.16214466094970703,0,7,7
198,6,1,0.375,0.09937819838523865,0,7,7
199,0,1,0.125,0.0049991607666015625,0,7,7
199,1,1,0.625,0.1715106964111328,0,7,7
199,2,1,0.59375,0.1594085693359375,0,7,7
199,3,1,0.5,0.13317227363586426,0,7,7
199,4,1,0.75,0.17585229873657227,0,7,7
199,5,1,0.625,0.18642759323120117,0,7,7
199,6,1,0.28125,0.0810081958770752,0,7,7
200,0,1,0.125,0.0064334869384765625,0,7,7
200,1,1,0.875,0.17961406707763672,0,7,7
200,2,1,0.71875,0.16736984252929688,0,7,7
200,3,1,0.625,0.15085124969482422,0,7,7
200,4,1,0.59375,0.1772913932800293,0,7,7
200,5,1,0.78125,0.20635415613651276,0,7,7
200,6,1,0.34375,0.08965826034545898,0,7,7
201,0,1,0.125,0.005641937255859375,0,7,7
201,1,1,0.9375,0.23923128843307495,0,7,7
201,2,1,0.5,0.14184856414794922,0,7,7
201,3,1,0.90625,0.20731592178344727,0,7,7
201,4,1,0.8125,0.222747802734375,0,7,7
201,5,1,1.0,0.19809722900390625,0,7,7
201,6,1,0.375,0.09370973706245422,0,7,7
202,0,1,0.125,0.005192756652832031,5,7,2
202,1,0,0.6875,0.20406675338745117,5,7,2
203,0,1,0.125,0.0070343017578125,0,7,7
203,1,1,0.75,0.18652725219726562,0,7,7
203,2,1,0.5,0.1413564682006836,0,7,7
203,3,1,0.8125,0.17819499969482422,0,7,7
203,4,1,0.875,0.21090078353881836,0,7,7
203,5,1,0.875,0.18205976486206055,0,7,7
203,6,1,0.28125,0.08798933029174805,0,7,7
204,0,1,0.125,0.006134033203125,0,7,7
204,1,1,0.6875,0.1790943145751953,0,7,7
204,2,1,0.53125,0.16449570655822754,0,7,7
204,3,1,0.5,0.1311817169189453,0,7,7
204,4,1,0.75,0.19487380981445312,0,7,7
204,5,1,0.65625,0.185896635055542,0,7,7
204,6,1,0.3125,0.08552968502044678,0,7,7
205,0,1,0.125,0.00629425048828125,0,7,7
205,1,1,0.6875,0.17298269271850586,0,7,7
205,2,1,0.5625,0.14877891540527344,0,7,7
205,3,1,0.71875,0.15341663360595703,0,7,7
205,4,1,0.75,0.19551849365234375,0,7,7
205,5,1,0.75,0.17489051818847656,0,7,7
205,6,1,0.421875,0.09749650955200195,0,7,7
206,0,1,0.125,0.00565338134765625,0,7,7
206,1,1,0.5625,0.16021347045898438,0,7,7
206,2,1,0.5625,0.17042243480682373,0,7,7
206,3,1,0.6875,0.17644691467285156,0,7,7
206,4,1,0.78125,0.1921248435974121,0,7,7
206,5,1,0.720703125,0.19930410385131836,0,7,7
206,6,1,0.296875,0.07812929153442383,0,7,7
207,0,1,0.125,0.007632911205291748,0,1,2
207,1,1,0.71875,0.20580530166625977,0,1,2
208,0,1,0.125,0.0057212114334106445,0,1,2
208,1,1,0.625,0.14449405670166016,0,1,2
209,0,1,0.125,0.0070858001708984375,0,7,7
209,1,1,0.625,0.1808013916015625,0,7,7
209,2,1,0.625,0.16796112060546875,0,7,7
209,3,1,0.9375,0.21917247772216797,0,7,7
209,4,1,0.75,0.1965656280517578,0,7,7
209,5,1,0.625,0.15417444705963135,0,7,7
209,6,1,0.328125,0.08437329530715942,0,7,7
210,0,1,0.125,0.0076084136962890625,0,1,2
210,1,1,0.625,0.17253494262695312,0,1,2
211,0,1,0.125,0.006687164306640625,0,1,2
211,1,1,0.75,0.18218612670898438,0,1,2
212,0,1,0.125,0.007999420166015625,0,7,7
212,1,1,0.75,0.190093994140625,0,7,7
212,2,1,0.75,0.16610193252563477,0,7,7
212,3,1,0.5,0.1387033462524414,0,7,7
212,4,1,0.625,0.18468284606933594,0,7,7
212,5,1,0.6875,0.1862030029296875,0,7,7
212,6,1,0.3125,0.09541511535644531,0,7,7
213,0,1,0.125,0.005019187927246094,0,1,7
213,1,0,0.875,0.1972179412841797,0,1,7
213,2,1,0.75,0.17460250854492188,0,1,7
213,3,1,0.625,0.17902088165283203,0,1,7
213,4,1,0.703125,0.20359039306640625,0,1,7
213,5,1,0.84375,0.18033552169799805,0,1,7
213,6,1,0.296875,0.08692097663879395,0,1,7
214,0,1,0.125,0.004200577735900879,0,3,4
214,1,1,0.875,0.17457199096679688,0,3,4
214,2,1,0.859375,0.22240829467773438,0,3,4
214,3,1,0.625,0.15450286865234375,0,3,4
215,0,1,0.125,0.007541179656982422,2,7,4
215,1,1,0.75,0.17076870799064636,2,7,4
215,2,1,0.609375,0.18022537231445312,2,7,4
215,3,0,0.5390625,0.15055274963378906,2,7,4
216,0,1,0.125,0.0055637359619140625,0,1,2
216,1,1,0.5546875,0.1417694091796875,0,1,2
217,0,1,0.125,0.006066799163818359,0,7,7
217,1,1,0.75,0.17516279220581055,0,7,7
217,2,1,0.6875,0.16972970962524414,0,7,7
217,3,1,0.625,0.1507946252822876,0,7,7
217,4,1,0.875,0.19003677368164062,0,7,7
217,5,1,0.59375,0.16576552391052246,0,7,7
217,6,1,0.458984375,0.09366834163665771,0,7,7
218,0,1,0.125,0.005535125732421875,0,7,7
218,1,1,0.5625,0.1737060546875,0,7,7
218,2,1,0.5,0.1396026611328125,0,7,7
218,3,1,0.5625,0.15487384796142578,0,7,7
218,4,1,0.75,0.19048595428466797,0,7,7
218,5,1,0.70703125,0.20291399955749512,0,7,7
218,6,1,0.328125,0.0944976806640625,0,7,7
219,0,1,0.125,0.005482673645019531,0,1,2
219,1,1,0.625,0.2022418975830078,0,1,2
220,0,1,0.125,0.004027366638183594,0,1,2
220,1,1,0.625,0.1787395477294922,0,1,2
221,0,1,0.125,0.005588531494140625,0,7,7
221,1,1,0.6875,0.19651532173156738,0,7,7
221,2,1,0.6953125,0.16648387908935547,0,7,7
221,3,1,0.71875,0.17045307159423828,0,7,7
221,4,1,0.75,0.21097564697265625,0,7,7
221,5,1,0.875,0.1657963991165161,0,7,7
221,6,1,0.4453125,0.08624935150146484,0,7,7
222,0,1,0.125,0.0095977783203125,0,7,7
222,1,1,1.125,0.19537353515625,0,7,7
222,2,1,0.625,0.16079330444335938,0,7,7
222,3,1,0.5625,0.1455698013305664,0,7,7
222,4,1,1.0,0.21078109741210938,0,7,7
222,5,1,0.625,0.19191932678222656,0,7,7
222,6,1,0.3046875,0.08669912815093994,0,7,7
223,0,1,0.125,0.0068302154541015625,0,7,7
223,1,1,0.75,0.17299652099609375,0,7,7
223,2,1,0.5625,0.15483534336090088,0,7,7
223,3,1,0.8125,0.16721343994140625,0,7,7
223,4,1,0.875,0.21913909912109375,0,7,7
223,5,1,0.75,0.18871688842773438,0,7,7
223,6,1,0.4375,0.08969449996948242,0,7,7
224,0,1,0.125,0.009115219116210938,0,1,2
224,1,1,0.75,0.19497299194335938,0,1,2
225,0,1,0.125,0.011997222900390625,0,7,7
225,1,1,0.625,0.2015533447265625,0,7,7
225,2,1,0.6875,0.15888595581054688,0,7,7
225,3,1,0.63671875,0.18806838989257812,0,7,7
225,4,1,0.6875,0.17770659923553467,0,7,7
225,5,1,0.9375,0.2219727635383606,0,7,7
225,6,1,0.375,0.09547996520996094,0,7,7
226,0,1,0.125,0.006572723388671875,0,1,2
226,1,0,0.875,0.20235443115234375,0,1,2
227,0,1,0.125,0.008210897445678711,0,1,2
227,1,1,0.75,0.17841148376464844,0,1,2
228,0,1,0.125,0.007683277130126953,0,1,2
228,1,1,0.84375,0.17002487182617188,0,1,2
229,0,1,0.125,0.00528717041015625,0,7,7
229,1,1,0.625,0.16974639892578125,0,7,7
229,2,1,0.8125,0.16072654724121094,0,7,7
229,3,1,0.625,0.14369773864746094,0,7,7
229,4,1,0.78125,0.19902849197387695,0,7,7
229,5,1,0.5625,0.15236973762512207,0,7,7
229,6,1,0.375,0.09837961196899414,0,7,7
230,0,1,0.125,0.0059185028076171875,0,7,7
230,1,1,0.875,0.19239234924316406,0,7,7
230,2,1,0.6875,0.1651010513305664,0,7,7
230,3,1,0.703125,0.17429828643798828,0,7,7
230,4,1,0.875,0.199310302734375,0,7,7
230,5,1,0.75,0.18663227558135986,0,7,7
230,6,1,0.366455078125,0.08535480499267578,0,7,7
231,0,1,0.125,0.0061609745025634766,0,7,7
231,1,1,0.625,0.180450439453125,0,7,7
231,2,1,0.5625,0.16283917427062988,0,7,7
231,3,1,0.625,0.12744855880737305,0,7,7
231,4,1,0.625,0.17412376403808594,0,7,7
231,5,1,0.875,0.17560791969299316,0,7,7
231,6,1,0.3125,0.08661746978759766,0,7,7
232,0,1,0.125,0.0053555965423583984,0,7,7
232,1,1,0.875,0.1885967254638672,0,7,7
232,2,1,0.8125,0.1830453872680664,0,7,7
232,3,1,0.5,0.15990686416625977,0,7,7
232,4,1,0.75,0.17994976043701172,0,7,7
232,5,1,0.65625,0.18212318420410156,0,7,7
232,6,1,0.3125,0.08949029445648193,0,7,7
233,0,1,0.125,0.003997802734375,0,1,7
233,1,0,0.875,0.2131824493408203,0,1,7
233,2,1,0.875,0.16925334930419922,0,1,7
233,3,1,1.15625,0.20782899856567383,0,1,7
233,4,1,0.828125,0.2530517578125,0,1,7
233,5,1,0.70703125,0.17138671875,0,1,7
233,6,1,0.34375,0.0888223648071289,0,1,7
234,0,1,0.125,0.005535125732421875,0,1,2
234,1,1,1.0,0.1828647255897522,0,1,2
235,0,1,0.125,0.006260395050048828,0,7,7
235,1,1,0.734375,0.1855792999267578,0,7,7
235,2,1,0.666015625,0.1452646255493164,0,7,7
235,3,1,0.625,0.15012550354003906,0,7,7
235,4,1,0.625,0.20337486267089844,0,7,7
235,5,1,0.6953125,0.17724037170410156,0,7,7
235,6,1,0.28125,0.08007240295410156,0,7,7
236,0,1,0.125,0.005561351776123047,0,1,2
236,1,1,0.625,0.20175743103027344,0,1,2
237,0,1,0.125,0.006198883056640625,1,2,2
237,1,0,0.625,0.17082977294921875,1,2,2
238,0,1,0.125,0.00543975830078125,0,1,2
238,1,1,0.75,0.1951160430908203,0,1,2
239,0,1,0.125,0.006500720977783203,0,7,7
239,1,1,0.59375,0.16418075561523438,0,7,7
239,2,1,0.78125,0.163862943649292,0,7,7
239,3,1,1.0,0.15509796142578125,0,7,7
239,4,1,0.875,0.2253570556640625,0,7,7
239,5,1,1.125,0.1900491714477539,0,7,7
239,6,1,0.390625,0.09681081771850586,0,7,7
240,0,1,0.125,0.006103515625,0,7,7
240,1,1,0.796875,0.19985246658325195,0,7,7
240,2,1,0.625,0.16456985473632812,0,7,7
240,3,1,0.625,0.14258575439453125,0,7,7
240,4,1,1.0625,0.2609677314758301,0,7,7
240,5,1,0.71875,0.20568084716796875,0,7,7
240,6,1,0.3515625,0.0931958556175232,0,7,7
241,0,1,0.125,0.008190155029296875,0,1,2
241,1,1,0.75,0.16347980499267578,0,1,2
242,0,1,0.125,0.00754547119140625,1,2,2
242,1,0,0.65625,0.15847396850585938,1,2,2
243,0,1,0.125,0.006046295166015625,2,7,4
243,1,1,0.8125,0.20967483520507812,2,7,4
243,2,1,0.6875,0.19362449645996094,2,7,4
243,3,0,0.625,0.16110971570014954,2,7,4
244,0,1,0.125,0.007546424865722656,0,1,2
244,1,1,0.6875,0.18494415283203125,0,1,2
245,0,1,0.125,0.004401206970214844,0,1,2
245,1,1,0.90625,0.21965065598487854,0,1,2
246,0,1,0.125,0.006274223327636719,0,7,7
246,1,1,0.53125,0.16533279418945312,0,7,7
246,2,1,0.875,0.1588449478149414,0,7,7
246,3,1,0.6875,0.1677074432373047,0,7,7
246,4,1,0.8125,0.20621776580810547,0,7,7
246,5,1,0.75,0.14475059509277344,0,7,7
246,6,1,0.5,0.09628534317016602,0,7,7
247,0,1,0.125,0.006780862808227539,0,7,7
247,1,1,0.71875,0.18216848373413086,0,7,7
247,2,1,0.625,0.16431045532226562,0,7,7
247,3,1,0.75,0.15198087692260742,0,7,7
247,4,1,0.71875,0.172882080078125,0,7,7
247,5,1,0.6875,0.1710953712463379,0,7,7
247,6,1,0.359375,0.0973043441772461,0,7,7
248,0,1,0.125,0.006522178649902344,0,7,7
248,1,1,0.6875,0.1862163543701172,0,7,7
248,2,1,0.65625,0.17806601524353027,0,7,7
248,3,1,0.75,0.16462618112564087,0,7,7
248,4,1,0.703125,0.1805133819580078,0,7,7
248,5,1,0.734375,0.17744231224060059,0,7,7
248,6,1,0.34375,0.08315521478652954,0,7,7
249,0,1,0.125,0.005390167236328125,0,7,7
249,1,1,0.875,0.1608877182006836,0,7,7
249,2,1,0.625,0.14334392547607422,0,7,7
249,3,1,0.625,0.14809465408325195,0,7,7
249,4,1,0.8125,0.20200157165527344,0,7,7
249,5,1,0.75,0.17436504364013672,0,7,7
249,6,1,0.34375,0.0814509391784668,0,7,7
250,0,1,0.125,0.008842110633850098,0,1,2
250,1,1,0.6875,0.21386957168579102,0,1,2
251,0,1,0.125,0.00518798828125,0,1,2
251,1,1,0.75,0.15783095359802246,0,1,2
252,0,1,0.125,0.007940292358398438,0,7,7
252,1,1,0.625,0.19178390502929688,0,7,7
252,2,1,0.5625,0.13732433319091797,0,7,7
252,3,1,0.71875,0.1589336395263672,0,7,7
252,4,1,0.75,0.18785476684570312,0,7,7
252,5,1,0.59375,0.16633892059326172,0,7,7
252,6,1,0.291015625,0.08831226825714111,0,7,7
253,0,1,0.125,0.006413459777832031,0,7,7
253,1,1,0.8125,0.20287156105041504,0,7,7
253,2,1,0.5,0.14226770401000977,0,7,7
253,3,1,0.625,0.14674091339111328,0,7,7
253,4,1,0.75,0.2021961212158203,0,7,7
253,5,1,0.875,0.21949386596679688,0,7,7
253,6,1,0.25,0.07842200994491577,0,7,7
254,0,1,0.125,0.009737968444824219,0,7,7
254,1,1,0.625,0.1724104881286621,0,7,7
254,2,1,0.65625,0.17725515365600586,0,7,7
254,3,1,0.625,0.1372814178466797,0,7,7
254,4,1,0.875,0.20479393005371094,0,7,7
254,5,1,0.75,0.1959371566772461,0,7,7
254,6,1,0.375,0.09016942977905273,0,7,7
255,0,1,0.125,0.005840301513671875,0,7,7
255,1,1,0.75,0.18066167831420898,0,7,7
255,2,1,0.4375,0.1494002342224121,0,7,7
255,3,1,0.6875,0.19954133033752441,0,7,7
255,4,1,1.0625,0.20201873779296875,0,7,7
255,5,1,0.578125,0.17054808139801025,0,7,7
255,6,1,0.359375,0.08153676986694336,0,7,7
256,0,1,0.125,0.007098197937011719,0,1,2
256,1,1,0.65625,0.18455886840820312,0,1,2
257,0,1,0.125,0.005290985107421875,0,7,7
257,1,1,0.75,0.1942882537841797,0,7,7
257,2,1,0.625,0.17903423309326172,0,7,7
257,3,1,0.75,0.20005416870117188,0,7,7
257,4,1,0.875,0.18756651878356934,0,7,7
257,5,1,0.947265625,0.22231578826904297,0,7,7
257,6,1,0.375,0.09519720077514648,0,7,7
258,0,1,0.125,0.0038099288940429688,0,7,7
258,1,1,0.75,0.1862945556640625,0,7,7
258,2,1,0.625,0.19996261596679688,0,7,7
258,3,1,0.59375,0.17765235900878906,0,7,7
258,4,1,0.65625,0.1825408935546875,0,7,7
258,5,1,0.8125,0.20137500762939453,0,7,7
258,6,1,0.375,0.09597015380859375,0,7,7
259,0,1,0.125,0.004566192626953125,0,1,2
259,1,1,0.6875,0.16048526763916016,0,1,2
260,0,1,0.125,0.004982709884643555,0,7,7
260,1,1,0.75,0.1887674331665039,0,7,7
260,2,1,0.75,0.23545360565185547,0,7,7
260,3,1,0.625,0.2075490951538086,0,7,7
260,4,1,0.75,0.2189321517944336,0,7,7
260,5,1,0.84375,0.19446945190429688,0,7,7
260,6,1,0.46875,0.1232452392578125,0,7,7
261,0,1,0.125,0.006028175354003906,0,7,7
261,1,1,0.75,0.19109249114990234,0,7,7
261,2,1,0.625,0.18405437469482422,0,7,7
261,3,1,0.9375,0.1791548728942871,0,7,7
261,4,1,1.125,0.2428150177001953,0,7,7
261,5,1,1.125,0.19721245765686035,0,7,7
261,6,1,0.4296875,0.0977935791015625,0,7,7
262,0,1,0.125,0.006499290466308594,0,2,7
262,1,1,0.703125,0.17978644371032715,0,2,7
262,2,0,0.5,0.14101791381835938,0,2,7
262,3,1,0.6875,0.16437530517578125,0,2,7
262,4,1,0.8125,0.1964559555053711,0,2,7
262,5,1,0.75,0.22053563594818115,0,2,7
262,6,1,0.40625,0.09509515762329102,0,2,7
263,0,1,0.125,0.006833076477050781,0,1,2
263,1,1,0.65625,0.177093505859375,0,1,2
264,0,1,0.125,0.0063571929931640625,0,1,2
264,1,1,0.6640625,0.17901229858398438,0,1,2
265,0,1,0.125,0.004985809326171875,0,1,2
265,1,1,0.7578125,0.19363784790039062,0,1,2
266,0,1,0.125,0.0065953731536865234,0,1,7
266,1,0,0.875,0.20672988891601562,0,1,7
266,2,1,0.75,0.16814184188842773,0,1,7
266,3,1,0.8125,0.16658973693847656,0,1,7
266,4,1,0.75,0.18988037109375,0,1,7
266,5,1,0.75,0.19228649139404297,0,1,7
266,6,1,0.296875,0.08415889739990234,0,1,7
267,0,1,0.125,0.00661468505859375,0,1,2
267,1,1,0.625,0.17829513549804688,0,1,2
268,0,1,0.125,0.005803585052490234,0,7,7
268,1,1,0.7119140625,0.18813323974609375,0,7,7
268,2,1,0.625,0.1548689603805542,0,7,7
268,3,1,0.5234375,0.1514759063720703,0,7,7
268,4,1,0.75,0.17548608779907227,0,7,7
268,5,1,0.59375,0.16840744018554688,0,7,7
268,6,1,0.40625,0.08875918388366699,0,7,7
269,0,1,0.125,0.005717277526855469,0,7,7
269,1,1,0.75,0.1858367919921875,0,7,7
269,2,1,0.75,0.1786489486694336,0,7,7
269,3,1,0.5,0.14777755737304688,0,7,7
269,4,1,0.65625,0.19159984588623047,0,7,7
269,5,1,0.625,0.16903874278068542,0,7,7
269,6,1,0.423828125,0.09382602572441101,0,7,7
270,0,1,0.125,0.005410671234130859,0,7,7
270,1,1,0.75,0.1700458526611328,0,7,7
270,2,1,0.875,0.1564621925354004,0,7,7
270,3,1,0.65625,0.16648650169372559,0,7,7
270,4,1,0.875,0.23545503616333008,0,7,7
270,5,1,0.53125,0.17200088500976562,0,7,7
270,6,1,0.3125,0.09249091148376465,0,7,7
271,0,1,0.125,0.00799417495727539,0,1,2
271,1,1,0.59375,0.2007894515991211,0,1,2
272,0,1,0.125,0.00542449951171875,0,7,7
272,1,1,0.875,0.19894981384277344,0,7,7
272,2,1,0.6875,0.20495343208312988,0,7,7
272,3,1,0.75,0.1832282543182373,0,7,7
272,4,1,0.6328125,0.169708251953125,0,7,7
272,5,1,0.76171875,0.2313830852508545,0,7,7
272,6,1,0.375,0.10793066024780273,0,7,7
273,0,1,0.125,0.007312774658203125,0,1,2
273,1,1,0.6875,0.22029876708984375,0,1,2
274,0,1,0.125,0.005129814147949219,0,1,2
274,1,1,0.625,0.15106821060180664,0,1,2
275,0,1,0.125,0.007266998291015625,0,2,7
275,1,1,0.875,0.1887340545654297,0,2,7
275,2,0,0.625,0.15438461303710938,0,2,7
275,3,1,0.6875,0.1619548797607422,0,2,7
275,4,1,0.8203125,0.17158889770507812,0,2,7
275,5,1,1.125,0.2351093292236328,0,2,7
275,6,1,0.34375,0.08544588088989258,0,2,7
276,0,1,0.125,0.006197929382324219,0,2,3
276,1,1,0.7734375,0.20534515380859375,0,2,3
276,2,1,0.78125,0.1927471160888672,0,2,3
277,0,1,0.125,0.0058746337890625,0,1,2
277,1,1,0.6875,0.20009994506835938,0,1,2
278,0,1,0.125,0.0052318572998046875,0,7,7
278,1,1,0.75,0.1945352554321289,0,7,7
278,2,1,0.8359375,0.16237640380859375,0,7,7
278,3,1,0.625,0.19171905517578125,0,7,7
278,4,1,0.65625,0.17748641967773438,0,7,7
278,5,1,0.875,0.20953147113323212,0,7,7
278,6,1,0.33984375,0.09118843078613281,0,7,7
279,0,1,0.125,0.0075511932373046875,0,7,7
279,1,1,0.734375,0.13573932647705078,0,7,7
279,2,1,0.4375,0.12708091735839844,0,7,7
279,3,1,0.5,0.14328384399414062,0,7,7
279,4,1,0.625,0.15300559997558594,0,7,7
279,5,1,0.625,0.1813335418701172,0,7,7
279,6,1,0.46875,0.120513916015625,0,7,7
280,0,1,0.125,0.008983135223388672,0,7,7
280,1,1,0.625,0.16171646118164062,0,7,7
280,2,1,0.5625,0.17458629608154297,0,7,7
280,3,1,0.625,0.1835944652557373,0,7,7
280,4,1,0.75,0.19150036573410034,0,7,7
280,5,1,0.75,0.1929621696472168,0,7,7
280,6,1,0.5,0.11658382415771484,0,7,7
281,0,1,0.125,0.006317138671875,0,2,3
281,1,1,0.5,0.15189552307128906,0,2,3
281,2,1,0.625,0.1807551383972168,0,2,3
282,0,1,0.125,0.0065765380859375,0,1,2
282,1,1,0.75,0.1947917938232422,0,1,2
283,0,1,0.125,0.007080078125,0,7,7
283,1,1,0.75,0.17765522003173828,0,7,7
283,2,1,0.625,0.16159915924072266,0,7,7
283,3,1,0.7626953125,0.20038795471191406,0,7,7
283,4,1,0.75,0.20058345794677734,0,7,7
283,5,1,0.65625,0.19500446319580078,0,7,7
283,6,1,0.296875,0.08208370208740234,0,7,7
284,0,1,0.125,0.00606536865234375,0,7,7
284,1,1,0.65625,0.206681489944458,0,7,7
284,2,1,0.9375,0.18373966217041016,0,7,7
284,3,1,0.625,0.1601886749267578,0,7,7
284,4,1,0.8125,0.2020111083984375,0,7,7
284,5,1,0.5625,0.16787147521972656,0,7,7
284,6,1,0.34375,0.0856519341468811,0,7,7
285,0,1,0.125,0.005505561828613281,0,7,7
285,1,1,0.5625,0.16168880462646484,0,7,7
285,2,1,0.6875,0.15392494201660156,0,7,7
285,3,1,0.53125,0.14508438110351562,0,7,7
285,4,1,0.875,0.1891503930091858,0,7,7
285,5,1,0.6875,0.21434295177459717,0,7,7
285,6,1,0.2734375,0.07833671569824219,0,7,7
286,0,1,0.125,0.005814552307128906,0,1,2
286,1,1,0.625,0.17352294921875,0,1,2
287,0,1,0.125,0.007293701171875,0,7,7
287,1,1,0.625,0.16657447814941406,0,7,7
287,2,1,0.6875,0.16579627990722656,0,7,7
287,3,1,0.640625,0.16446971893310547,0,7,7
287,4,1,0.625,0.20605850219726562,0,7,7
287,5,1,0.703125,0.21738338470458984,0,7,7
287,6,1,0.2734375,0.07789850234985352,0,7,7
288,0,1,0.125,0.004980325698852539,0,7,7
288,1,1,0.625,0.15113449096679688,0,7,7
288,2,1,0.625,0.1580791473388672,0,7,7
288,3,1,0.640625,0.16721874475479126,0,7,7
288,4,1,0.6875,0.16007709503173828,0,7,7
288,5,1,1.5625,0.26374053955078125,0,7,7
288,6,1,0.375,0.08474349975585938,0,7,7
289,0,1,0.125,0.008819580078125,0,7,7
289,1,1,0.6875,0.1829204559326172,0,7,7
289,2,1,0.6875,0.19054412841796875,0,7,7
289,3,1,0.75,0.22652816772460938,0,7,7
289,4,1,1.0625,0.22708511352539062,0,7,7
289,5,1,0.765625,0.22902917861938477,0,7,7
289,6,1,0.375,0.10142898559570312,0,7,7
290,0,1,0.125,0.008143901824951172,0,7,7
290,1,1,0.875,0.18604660034179688,0,7,7
290,2,1,1.125,0.19256019592285156,0,7,7
290,3,1,0.6875,0.16707468032836914,0,7,7
290,4,1,0.5625,0.1726236343383789,0,7,7
290,5,1,0.78125,0.19298410415649414,0,7,7
290,6,1,0.34375,0.08782196044921875,0,7,7
291,0,1,0.125,0.006302356719970703,0,1,2
291,1,1,0.625,0.1781167984008789,0,1,2
292,0,1,0.125,0.006684303283691406,0,7,7
292,1,1,0.625,0.14187955856323242,0,7,7
292,2,1,0.5625,0.1531658172607422,0,7,7
292,3,1,0.9375,0.24617576599121094,0,7,7
292,4,1,0.65625,0.1740880012512207,0,7,7
292,5,1,0.890625,0.22731971740722656,0,7,7
292,6,1,0.3125,0.09206008911132812,0,7,7
293,0,1,0.125,0.00567173957824707,1,2,2
293,1,0,0.875,0.1912221908569336,1,2,2
294,0,1,0.125,0.00276947021484375,0,1,2
294,1,1,1.0,0.1908740997314453,0,1,2
295,0,1,0.125,0.00745391845703125,0,1,2
295,1,1,0.671875,0.192169189453125,0,1,2
296,0,1,0.0625,0.00211334228515625,0,1,2
296,1,1,0.65625,0.17271900177001953,0,1,2
297,0,1,0.125,0.005279541015625,0,7,7
297,1,1,0.8125,0.168365478515625,0,7,7
297,2,1,0.625,0.16038227081298828,0,7,7
297,3,1,0.578125,0.1611185073852539,0,7,7
297,4,1,0.8515625,0.2154090404510498,0,7,7
297,5,1,0.75,0.19774484634399414,0,7,7
297,6,1,0.34375,0.08458709716796875,0,7,7
298,0,1,0.125,0.0044002532958984375,0,7,7
298,1,1,0.96875,0.17349910736083984,0,7,7
298,2,1,0.625,0.17145347595214844,0,7,7
298,3,1,0.703125,0.17597422003746033,0,7,7
298,4,1,0.8125,0.20351028442382812,0,7,7
298,5,1,0.8125,0.16830682754516602,0,7,7
298,6,1,0.33984375,0.07850813865661621,0,7,7
299,0,1,0.125,0.00574493408203125,0,0,1
300,0,1,0.125,0.00708770751953125,0,0,1
301,0,1,0.25,0.01009368896484375,0,0,1
302,0,1,0.125,0.005757331848144531,0,1,2
302,1,1,0.625,0.1562509536743164,0,1,2
303,0,1,0.125,0.0030565261840820312,0,5,6
303,1,1,0.5,0.12066459655761719,0,5,6
303,2,1,0.578125,0.14180469512939453,0,5,6
303,3,1,0.75,0.18390846252441406,0,5,6
303,4,1,0.8125,0.2205638885498047,0,5,6
303,5,1,0.65234375,0.1681661605834961,0,5,6
304,0,1,0.125,0.003772735595703125,0,0,1
305,0,1,0.125,0.0065708160400390625,0,3,4
305,1,1,0.875,0.18001294136047363,0,3,4
305,2,1,0.625,0.16057062149047852,0,3,4
305,3,1,0.875,0.17779326438903809,0,3,4
306,0,1,0.25,0.006548881530761719,0,0,1
307,0,1,0.25,0.006435394287109375,0,1,2
307,1,1,0.625,0.15827667713165283,0,1,2
308,0,1,0.125,0.003931999206542969,0,0,1
309,0,1,0.25,0.007549762725830078,0,1,2
309,1,1,0.53125,0.12295389175415039,0,1,2
310,0,1,0.25,0.0058689117431640625,0,0,1
311,0,1,0.125,0.006275653839111328,0,0,1
312,0,1,0.25,0.007335662841796875,0,2,3
312,1,1,0.5625,0.14066314697265625,0,2,3
312,2,1,0.84375,0.17755794525146484,0,2,3
313,0,1,0.125,0.007378578186035156,0,1,2
313,1,1,0.4375,0.10291528701782227,0,1,2
314,0,1,0.25,0.005211830139160156,0,0,1
315,0,1,0.125,0.0062408447265625,0,0,1
316,0,1,0.125,0.006407737731933594,0,0,1
317,0,1,0.125,0.00588226318359375,0,0,1
318,0,1,0.125,0.007232666015625,0,1,2
318,1,1,0.5,0.11344337463378906,0,1,2
319,0,1,0.125,0.0064697265625,0,7,7
319,1,1,0.625,0.13457965850830078,0,7,7
319,2,1,0.75,0.1692972183227539,0,7,7
319,3,1,0.875,0.19203805923461914,0,7,7
319,4,1,0.765625,0.18929338455200195,0,7,7
319,5,1,0.75,0.16290569305419922,0,7,7
319,6,1,0.59375,0.15492749214172363,0,7,7
320,0,1,0.125,0.005878448486328125,0,7,7
320,1,1,0.625,0.1768430471420288,0,7,7
320,2,1,0.640625,0.1882152557373047,0,7,7
320,3,1,0.75,0.22045516967773438,0,7,7
320,4,1,0.6875,0.16952943801879883,0,7,7
320,5,1,0.578125,0.1624755859375,0,7,7
320,6,1,0.53125,0.12648725509643555,0,7,7
321,0,1,0.125,0.005231380462646484,0,0,1
322,0,1,0.0625,0.0051403045654296875,0,7,7
322,1,1,0.5,0.1372241973876953,0,7,7
322,2,1,0.875,0.14814722537994385,0,7,7
322,3,1,0.875,0.1913466453552246,0,7,7
322,4,1,0.75,0.19950008392333984,0,7,7
322,5,1,0.71875,0.21242713928222656,0,7,7
322,6,1,0.40625,0.10017919540405273,0,7,7
323,0,1,0.125,0.004733085632324219,0,0,1
324,0,1,0.125,0.006365299224853516,0,0,1
325,0,1,0.125,0.004416465759277344,0,2,3
325,1,1,0.5,0.13914108276367188,0,2,3
325,2,1,0.53125,0.12711429595947266,0,2,3
326,0,1,0.125,0.006188392639160156,0,0,1
327,0,1,0.0625,0.004829049110412598,0,2,3
327,1,1,0.5,0.12156820297241211,0,2,3
327,2,0,0.5,0.139054536819458,0,2,3
328,0,1,0.125,0.004380702972412109,0,7,7
328,1,1,0.4697265625,0.12949180603027344,0,7,7
328,2,1,0.5625,0.14843261241912842,0,7,7
328,3,1,0.5625,0.17051273584365845,0,7,7
328,4,1,0.75,0.21477317810058594,0,7,7
328,5,1,0.4375,0.14796161651611328,0,7,7
328,6,1,0.3125,0.09093081951141357,0,7,7
329,0,1,0.125,0.0040225982666015625,0,0,1
330,0,1,0.125,0.005898952484130859,0,0,1
331,0,1,0.125,0.00433349609375,0,7,7
331,1,1,0.625,0.15215539932250977,0,7,7
331,2,1,1.1875,0.18398189544677734,0,7,7
331,3,1,1.0,0.15940046310424805,0,7,7
331,4,1,0.875,0.1976318359375,0,7,7
331,5,1,0.546875,0.1563199758529663,0,7,7
331,6,1,0.5,0.10464859008789062,0,7,7
332,0,1,0.125,0.005642890930175781,0,7,7
332,1,1,0.65625,0.14107751846313477,0,7,7
332,2,1,0.5625,0.1647324562072754,0,7,7
332,3,1,0.625,0.16136741638183594,0,7,7
332,4,1,0.625,0.1607961654663086,0,7,7
332,5,1,0.5,0.16144824028015137,0,7,7
332,6,1,0.60791015625,0.1291966438293457,0,7,7
333,0,1,0.125,0.0052890777587890625,0,7,7
333,1,1,0.560546875,0.14246559143066406,0,7,7
333,2,1,0.625,0.1678154468536377,0,7,7
333,3,1,0.75,0.14060401916503906,0,7,7
333,4,1,0.71875,0.19837284088134766,0,7,7
333,5,1,0.75,0.16011714935302734,0,7,7
333,6,1,0.5625,0.13051605224609375,0,7,7
334,0,1,0.125,0.00692218542098999,0,7,7
334,1,1,0.6875,0.15579605102539062,0,7,7
334,2,1,0.625,0.16701626777648926,0,7,7
334,3,1,0.625,0.16325616836547852,0,7,7
334,4,1,0.759765625,0.1736125946044922,0,7,7
334,5,1,0.625,0.1695723533630371,0,7,7
334,6,1,0.625,0.10197925567626953,0,7,7
335,0,1,0.25,0.006425380706787109,0,0,1
336,0,1,0.125,0.005168914794921875,0,7,7
336,1,1,0.59375,0.151947021484375,0,7,7
336,2,1,0.625,0.16999053955078125,0,7,7
336,3,1,0.65625,0.1781216859817505,0,7,7
336,4,1,0.703125,0.1783280372619629,0,7,7
336,5,1,1.0,0.1709299087524414,0,7,7
336,6,1,0.40625,0.11082839965820312,0,7,7
337,0,1,0.125,0.006142616271972656,0,0,1
338,0,1,0.25,0.0050373077392578125,0,0,1
339,0,1,0.25,0.004940032958984375,0,0,1
340,0,1,0.125,0.004809379577636719,0,7,7
340,1,1,0.875,0.1618509292602539,0,7,7
340,2,1,0.75,0.16764283180236816,0,7,7
340,3,1,0.6484375,0.1871318817138672,0,7,7
340,4,1,0.75,0.19390106201171875,0,7,7
340,5,1,0.65625,0.1577925682067871,0,7,7
340,6,1,0.5,0.11612462997436523,0,7,7
341,0,1,0.125,0.006244659423828125,0,0,1
342,0,1,0.125,0.006730079650878906,0,0,1
343,0,1,0.25,0.010028839111328125,0,0,1
344,0,1,0.125,0.006648540496826172,0,0,1
345,0,1,0.125,0.008209705352783203,0,0,1
346,0,1,0.25,0.008280754089355469,0,7,7
346,1,1,0.5625,0.13090801239013672,0,7,7
346,2,1,0.75,0.17244434356689453,0,7,7
346,3,1,0.6875,0.19843244552612305,0,7,7
346,4,1,0.875,0.19693374633789062,0,7,7
346,5,1,0.53125,0.13776397705078125,0,7,7
346,6,1,0.375,0.09669375419616699,0,7,7
347,0,1,0.125,0.008859634399414062,0,0,1
348,0,1,0.25,0.009174346923828125,0,0,1
349,0,1,0.25,0.004673004150390625,0,7,7
349,1,1,0.53125,0.12707901000976562,0,7,7
349,2,1,0.625,0.18563556671142578,0,7,7
349,3,1,0.5625,0.15437793731689453,0,7,7
349,4,1,0.8125,0.23682022094726562,0,7,7
349,5,1,0.6796875,0.1615896224975586,0,7,7
349,6,1,0.5,0.10841560363769531,0,7,7
350,0,1,0.125,0.004306793212890625,0,0,1
351,0,1,0.25,0.0066165924072265625,0,0,1
352,0,1,0.125,0.004791259765625,0,0,1
353,0,1,0.125,0.0044345855712890625,0,0,1
354,0,1,0.125,0.004283994436264038,0,0,1
355,0,1,0.125,0.006015777587890625,0,0,1
356,0,1,0.25,0.005967140197753906,0,0,1
357,0,1,0.125,0.0052337646484375,0,0,1
358,0,1,0.125,0.005237579345703125,0,0,1
359,0,1,0.125,0.00656890869140625,0,0,1
360,0,1,0.125,0.0063323974609375,0,0,1
361,0,1,0.125,0.009362220764160156,0,0,1
362,0,1,0.25,0.00699615478515625,0,0,1
363,0,1,0.125,0.009408950805664062,0,0,1
364,0,1,0.25,0.0081024169921875,0,0,1
365,0,1,0.125,0.004924774169921875,0,0,1
366,0,1,0.25,0.009754180908203125,0,0,1
367,0,1,0.125,0.008031845092773438,0,0,1
368,0,1,0.125,0.0054473876953125,0,0,1
369,0,1,0.125,0.00627446174621582,0,2,3
369,1,1,0.6875,0.18317842483520508,0,2,3
369,2,1,0.625,0.16691970825195312,0,2,3
370,0,1,0.125,0.007265448570251465,0,0,1
371,0,1,0.125,0.005809783935546875,0,0,1
372,0,1,0.125,0.00909423828125,0,0,1
373,0,1,0.125,0.0067291259765625,0,0,1
374,0,1,0.125,0.0074615478515625,0,0,1
375,0,1,0.125,0.0056056976318359375,0,0,1
376,0,1,0.125,0.005664825439453125,0,7,7
376,1,1,0.5625,0.15199661254882812,0,7,7
376,2,1,0.791015625,0.20937156677246094,0,7,7
376,3,1,0.78125,0.20820236206054688,0,7,7
376,4,1,0.625,0.1915721893310547,0,7,7
376,5,1,0.875,0.2217254638671875,0,7,7
376,6,1,0.5,0.12587213516235352,0,7,7
377,0,1,0.0625,0.005657196044921875,0,0,1
378,0,1,0.125,0.0077266693115234375,0,0,1
379,0,1,0.125,0.007421970367431641,0,0,1
380,0,1,0.125,0.006886005401611328,0,0,1
381,0,1,0.125,0.008288383483886719,0,0,1
382,0,1,0.125,0.00518035888671875,0,0,1
383,0,1,0.125,0.00571441650390625,0,1,2
383,1,0,0.8125,0.186781644821167,0,1,2
384,0,1,0.0625,0.0038911104202270508,0,1,2
384,1,1,0.703125,0.1951436996459961,0,1,2
385,0,1,0.125,0.0055084228515625,0,1,2
385,1,1,1.25,0.3111276626586914,0,1,2
386,0,1,0.0625,0.0030994415283203125,0,0,1
387,0,1,0.125,0.004391670227050781,0,1,2
387,1,1,0.625,0.1787695735692978,0,1,2
388,0,1,0.125,0.006476283073425293,0,4,5
388,1,1,0.625,0.1632213592529297,0,4,5
388,2,1,0.6875,0.19536972045898438,0,4,5
388,3,1,0.5625,0.1628866195678711,0,4,5
388,4,1,0.8125,0.21857357025146484,0,4,5
389,0,1,0.125,0.0063571929931640625,0,0,1
390,0,1,0.25,0.004749298095703125,0,0,1
391,0,1,0.125,0.007259368896484375,0,1,2
391,1,1,0.720703125,0.22477340698242188,0,1,2
392,0,1,0.125,0.007480621337890625,0,0,1
393,0,1,0.125,0.0051593780517578125,0,0,1
394,0,1,0.125,0.005803108215332031,0,3,4
394,1,1,0.875,0.22586727142333984,0,3,4
394,2,1,0.625,0.1620330810546875,0,3,4
394,3,1,0.875,0.22553491592407227,0,3,4
395,0,1,0.25,0.004947185516357422,0,5,6
395,1,1,0.84375,0.21167707443237305,0,5,6
395,2,1,0.75,0.22415733337402344,0,5,6
395,3,1,0.875,0.19651126861572266,0,5,6
395,4,1,0.875,0.23257732391357422,0,5,6
395,5,1,0.78125,0.1827993392944336,0,5,6
396,0,1,0.125,0.00571441650390625,0,0,1
397,0,1,0.125,0.005657196044921875,0,0,1
398,0,1,0.125,0.004591196775436401,0,7,7
398,1,1,0.515625,0.16770601272583008,0,7,7
398,2,1,0.6484375,0.20001792907714844,0,7,7
398,3,1,0.7109375,0.17166996002197266,0,7,7
398,4,1,0.671875,0.17919158935546875,0,7,7
398,5,1,0.765625,0.17338848114013672,0,7,7
398,6,1,0.5625,0.12163925170898438,0,7,7
399,0,1,0.25,0.0048410892486572266,0,0,1
400,0,1,0.125,0.002979755401611328,0,7,7
400,1,1,0.75,0.18083572387695312,0,7,7
400,2,1,0.515625,0.14594268798828125,0,7,7
400,3,1,0.875,0.17929697036743164,0,7,7
400,4,1,0.6875,0.17129039764404297,0,7,7
400,5,1,0.875,0.16967010498046875,0,7,7
400,6,1,0.5,0.12579727172851562,0,7,7
401,0,1,0.25,0.005271464586257935,0,0,1
402,0,1,0.125,0.0057926177978515625,0,7,7
402,1,1,0.65625,0.15579915046691895,0,7,7
402,2,1,0.8125,0.17077970504760742,0,7,7
402,3,1,0.625,0.16544580459594727,0,7,7
402,4,1,0.8125,0.2165851593017578,0,7,7
402,5,1,0.625,0.1871204376220703,0,7,7
402,6,1,0.5,0.1310436725616455,0,7,7
403,0,1,0.125,0.005771636962890625,0,0,1
404,0,1,0.25,0.0085906982421875,0,7,7
404,1,1,0.5625,0.18116378784179688,0,7,7
404,2,1,0.5625,0.1367321014404297,0,7,7
404,3,1,0.62890625,0.20888900756835938,0,7,7
404,4,1,0.71875,0.19697237014770508,0,7,7
404,5,1,0.71875,0.19345378875732422,0,7,7
404,6,1,0.5,0.13364171981811523,0,7,7
405,0,1,0.25,0.007467746734619141,0,7,7
405,1,1,0.796875,0.22485876083374023,0,7,7
405,2,1,0.4765625,0.13958454132080078,0,7,7
405,3,1,0.65625,0.15534210205078125,0,7,7
405,4,1,0.65625,0.19265270233154297,0,7,7
405,5,1,0.65625,0.19478344917297363,0,7,7
405,6,1,0.4375,0.12414789199829102,0,7,7
406,0,1,0.25,0.007587432861328125,0,0,1
407,0,1,0.125,0.006981849670410156,0,7,7
407,1,1,0.75,0.16593170166015625,0,7,7
407,2,1,1.0,0.19702577590942383,0,7,7
407,3,1,0.703125,0.189300537109375,0,7,7
407,4,1,0.625,0.1806187629699707,0,7,7
407,5,1,0.744140625,0.1819678246974945,0,7,7
407,6,1,0.5,0.13090896606445312,0,7,7
408,0,1,0.25,0.007351875305175781,0,7,7
408,1,1,0.5625,0.1491832733154297,0,7,7
408,2,1,0.75,0.1832280158996582,0,7,7
408,3,1,0.8125,0.1822643280029297,0,7,7
408,4,1,0.84375,0.22347724437713623,0,7,7
408,5,1,0.75,0.1952524185180664,0,7,7
408,6,1,0.515625,0.12709641456604004,0,7,7
409,0,1,0.25,0.006592988967895508,0,0,1
410,0,1,0.125,0.0050678253173828125,0,7,7
410,1,1,0.78125,0.18713760375976562,0,7,7
410,2,1,0.5,0.13756044209003448,0,7,7
410,3,1,0.59375,0.1795952320098877,0,7,7
410,4,1,0.65625,0.16930580139160156,0,7,7
410,5,1,0.75,0.16346514225006104,0,7,7
410,6,1,0.46875,0.12372303009033203,0,7,7
411,0,1,0.25,0.007614612579345703,0,7,7
411,1,1,0.59375,0.17211341857910156,0,7,7
411,2,1,0.40625,0.10744762420654297,0,7,7
411,3,1,0.75,0.17637300491333008,0,7,7
411,4,1,0.65625,0.2007589340209961,0,7,7
411,5,1,0.6875,0.1619330644607544,0,7,7
411,6,1,0.484375,0.12065696716308594,0,7,7
412,0,1,0.25,0.007490038871765137,0,1,2
412,1,1,0.7822265625,0.22289133071899414,0,1,2
413,0,1,0.25,0.008235454559326172,0,5,6
413,1,1,0.6875,0.2017536163330078,0,5,6
413,2,1,0.625,0.11425590515136719,0,5,6
413,3,1,0.8125,0.18645906448364258,0,5,6
413,4,1,0.701171875,0.18413639068603516,0,5,6
413,5,1,0.625,0.18123579025268555,0,5,6
414,0,1,0.125,0.007401943206787109,0,0,1
415,0,1,0.125,0.00629425048828125,0,2,3
415,1,1,0.5625,0.15775924921035767,0,2,3
415,2,1,0.69921875,0.19876670837402344,0,2,3
416,0,1,0.125,0.0050237178802490234,0,2,3
416,1,1,0.875,0.20811176300048828,0,2,3
416,2,1,1.0,0.21847200393676758,0,2,3
417,0,1,0.25,0.005390167236328125,0,4,5
417,1,1,0.625,0.1704273223876953,0,4,5
417,2,1,0.625,0.18953275680541992,0,4,5
417,3,1,0.640625,0.16275477409362793,0,4,5
417,4,1,0.6875,0.16831552982330322,0,4,5
418,0,1,0.125,0.005153656005859375,0,0,1
419,0,1,0.25,0.00635981559753418,0,1,2
419,1,1,0.625,0.1662311553955078,0,1,2
420,0,1,0.125,0.0052700042724609375,0,0,1
421,0,1,0.125,0.00720977783203125,0,0,1
422,0,1,0.125,0.004791259765625,2,5,2
422,1,0,0.5625,0.135528564453125,2,5,2
423,0,1,0.125,0.00479888916015625,0,0,1
424,0,1,0.125,0.005196809768676758,0,0,1
425,0,1,0.125,0.004496574401855469,0,1,2
425,1,1,0.87109375,0.1923975944519043,0,1,2
426,0,1,0.125,0.005643606185913086,0,0,1
427,0,1,0.125,0.004668138921260834,0,3,4
427,1,1,0.875,0.21995258331298828,0,3,4
427,2,1,0.625,0.1544969081878662,0,3,4
427,3,1,0.65625,0.19948577880859375,0,3,4
428,0,1,0.125,0.0048580169677734375,0,7,7
428,1,1,0.8125,0.19391441345214844,0,7,7
428,2,1,0.75,0.16673755645751953,0,7,7
428,3,1,1.0,0.2157917618751526,0,7,7
428,4,1,0.9375,0.24578285217285156,0,7,7
428,5,1,0.5546875,0.16027355194091797,0,7,7
428,6,1,0.75,0.16416049003601074,0,7,7
429,0,1,0.125,0.00598907470703125,0,3,4
429,1,1,0.890625,0.22951769828796387,0,3,4
429,2,1,0.75,0.17081260681152344,0,3,4
429,3,1,0.56640625,0.18619680404663086,0,3,4
430,0,1,0.125,0.004765033721923828,0,0,1
431,0,1,0.25,0.0063037872314453125,0,7,7
431,1,1,0.625,0.18789434432983398,0,7,7
431,2,1,0.59375,0.17296361923217773,0,7,7
431,3,1,0.6875,0.15567398071289062,0,7,7
431,4,1,0.796875,0.22869467735290527,0,7,7
431,5,1,0.625,0.1702432632446289,0,7,7
431,6,1,0.40625,0.10092639923095703,0,7,7
432,0,1,0.25,0.007051259279251099,0,0,1
433,0,1,0.125,0.004856109619140625,0,1,2
433,1,1,0.5859375,0.1490742564201355,0,1,2
434,0,1,0.125,0.003759145736694336,0,0,1
435,0,1,0.125,0.0058650970458984375,0,2,3
435,1,1,0.5625,0.12857818603515625,0,2,3
435,2,1,0.5546875,0.1394972801208496,0,2,3
436,0,1,0.125,0.006076812744140625,0,7,7
436,1,1,0.5,0.12837791442871094,0,7,7
436,2,1,0.625,0.15386581420898438,0,7,7
436,3,1,0.71875,0.17337751388549805,0,7,7
436,4,1,0.8125,0.18437767028808594,0,7,7
436,5,1,1.125,0.2328352928161621,0,7,7
436,6,1,0.375,0.10013973712921143,0,7,7
437,0,1,0.25,0.00890350341796875,0,1,2
437,1,1,0.5,0.12287282943725586,0,1,2
438,0,1,0.125,0.006207942962646484,0,1,2
438,1,1,0.859375,0.23153162002563477,0,1,2
439,0,1,0.125,0.004790782928466797,2,5,3
439,1,1,0.75,0.2618379592895508,2,5,3
439,2,0,0.578125,0.15213704109191895,2,5,3
440,0,1,0.125,0.0055561065673828125,0,2,3
440,1,1,0.625,0.17179560661315918,0,2,3
440,2,1,1.0,0.20845794677734375,0,2,3
441,0,1,0.25,0.004852294921875,0,5,6
441,1,1,0.5625,0.16375303268432617,0,5,6
441,2,1,0.6875,0.19737815856933594,0,5,6
441,3,1,0.484375,0.14162445068359375,0,5,6
441,4,1,1.01953125,0.24837851524353027,0,5,6
441,5,1,1.0,0.2180919647216797,0,5,6
442,0,1,0.125,0.00444793701171875,0,1,2
442,1,1,0.46875,0.12880277633666992,0,1,2
443,0,1,0.0625,0.00516510009765625,0,7,7
443,1,1,0.5,0.14049673080444336,0,7,7
443,2,1,0.5625,0.17262601852416992,0,7,7
443,3,1,0.796875,0.20816802978515625,0,7,7
443,4,1,0.75,0.20334482192993164,0,7,7
443,5,1,0.6875,0.18488383293151855,0,7,7
443,6,1,0.625,0.11719551682472229,0,7,7
444,0,1,0.125,0.00608062744140625,0,7,7
444,1,1,0.375,0.10577774047851562,0,7,7
444,2,1,0.75,0.18131446838378906,0,7,7
444,3,1,0.71875,0.15287017822265625,0,7,7
444,4,1,0.75,0.23013877868652344,0,7,7
444,5,1,0.90625,0.2587156295776367,0,7,7
444,6,1,0.4765625,0.12113738059997559,0,7,7
445,0,1,0.125,0.00452423095703125,0,7,7
445,1,1,0.5625,0.13059759140014648,0,7,7
445,2,1,0.7578125,0.20943069458007812,0,7,7
445,3,1,0.875,0.20429646968841553,0,7,7
445,4,1,0.875,0.23316383361816406,0,7,7
445,5,1,0.78125,0.18092644214630127,0,7,7
445,6,1,0.375,0.10102987289428711,0,7,7
446,0,1,0.125,0.00540924072265625,0,0,1
447,0,1,0.125,0.00565338134765625,0,0,1
448,0,1,0.125,0.00656890869140625,0,1,2
448,1,1,0.625,0.15108299255371094,0,1,2
449,0,1,0.25,0.004146575927734375,0,2,3
449,1,1,0.6640625,0.2092527151107788,0,2,3
449,2,1,0.625,0.19937515258789062,0,2,3
450,0,1,0.25,0.005342721939086914,0,2,3
450,1,1,0.875,0.1862773895263672,0,2,3
450,2,1,1.0,0.1977386474609375,0,2,3
451,0,1,0.0625,0.005046844482421875,0,1,2
451,1,1,0.6875,0.19814348220825195,0,1,2
452,0,1,0.25,0.007405281066894531,0,7,7
452,1,1,0.875,0.19727563858032227,0,7,7
452,2,1,0.75,0.19394028186798096,0,7,7
452,3,1,0.8125,0.20764541625976562,0,7,7
452,4,1,0.8359375,0.19466781616210938,0,7,7
452,5,1,0.998046875,0.24576234817504883,0,7,7
452,6,1,0.6875,0.13094520568847656,0,7,7
453,0,1,0.25,0.007790327072143555,0,0,1
454,0,1,0.125,0.0048046112060546875,0,1,2
454,1,1,0.6875,0.21444165706634521,0,1,2
455,0,1,0.25,0.007402896881103516,0,0,1
456,0,1,0.25,0.007407665252685547,0,4,5
456,1,1,0.625,0.1869831085205078,0,4,5
456,2,1,0.4375,0.13826799392700195,0,4,5
456,3,1,0.8125,0.22554612159729004,0,4,5
456,4,1,0.71875,0.19950318336486816,0,4,5
457,0,1,0.125,0.005367279052734375,0,0,1
458,0,1,0.25,0.008794307708740234,0,0,1
459,0,1,0.25,0.006166934967041016,0,0,1
460,0,1,0.25,0.00604248046875,0,3,4
460,1,1,0.75,0.16675949096679688,0,3,4
460,2,1,0.6875,0.1857767105102539,0,3,4
460,3,1,0.8125,0.19348859786987305,0,3,4
461,0,1,0.125,0.00455474853515625,0,1,7
461,1,0,0.84375,0.21426010131835938,0,1,7
461,2,1,0.625,0.1444835662841797,0,1,7
461,3,1,0.625,0.19232845306396484,0,1,7
461,4,1,0.6875,0.17806053161621094,0,1,7
461,5,1,0.6875,0.2077326774597168,0,1,7
461,6,1,0.375,0.11272144317626953,0,1,7
462,0,1,0.25,0.005745589733123779,0,0,1
463,0,1,0.25,0.0075473785400390625,0,0,1
464,0,1,0.25,0.007534205913543701,0,0,1
465,0,1,0.125,0.00447845458984375,0,0,1
466,0,1,0.25,0.0054225921630859375,0,1,2
466,1,1,0.5625,0.1520709991455078,0,1,2
467,0,1,0.25,0.006281241774559021,0,2,3
467,1,1,0.53125,0.14867687225341797,0,2,3
467,2,1,1.0,0.2322676181793213,0,2,3
468,0,1,0.125,0.004758358001708984,0,1,2
468,1,1,0.46875,0.1230926513671875,0,1,2
469,0,1,0.25,0.006308078765869141,0,3,4
469,1,1,0.375,0.10705089569091797,0,3,4
469,2,1,0.875,0.247833251953125,0,3,4
469,3,1,0.5,0.1450749635696411,0,3,4
470,0,1,0.125,0.005428314208984375,0,3,4
470,1,1,0.5,0.13245582580566406,0,3,4
470,2,1,0.8125,0.18450164794921875,0,3,4
470,3,1,0.6640625,0.16073226928710938,0,3,4
471,0,1,0.25,0.005738802254199982,0,1,2
471,1,1,0.5,0.11991310119628906,0,1,2
472,0,1,0.25,0.0069179534912109375,0,2,3
472,1,1,0.5,0.12842082977294922,0,2,3
472,2,1,0.875,0.17678356170654297,0,2,3
473,0,1,0.125,0.0043145716190338135,0,1,2
473,1,1,0.625,0.19745147228240967,0,1,2
474,0,1,0.125,0.005222320556640625,0,1,2
474,1,1,0.75,0.15067577362060547,0,1,2
475,0,1,0.25,0.008053064346313477,0,1,2
475,1,1,0.5625,0.12394428253173828,0,1,2
476,0,1,0.125,0.004971504211425781,0,1,2
476,1,1,0.546875,0.16521596908569336,0,1,2
477,0,1,0.25,0.005801394581794739,0,3,4
477,1,1,0.5,0.13885164260864258,0,3,4
477,2,1,0.75,0.21288204193115234,0,3,4
477,3,1,0.5,0.1704545021057129,0,3,4
478,0,1,0.125,0.004705905914306641,0,0,1
479,0,1,0.0625,0.004131317138671875,0,2,3
479,1,1,0.433349609375,0.11514544486999512,0,2,3
479,2,1,0.8125,0.1944117546081543,0,2,3
480,0,1,0.25,0.0074615478515625,0,0,1
481,0,1,0.125,0.0063629150390625,0,0,1
482,0,1,0.125,0.006053924560546875,0,3,4
482,1,1,0.5625,0.14383506774902344,0,3,4
482,2,1,0.65625,0.1657426357269287,0,3,4
482,3,1,0.625,0.16194534301757812,0,3,4
483,0,1,0.125,0.006308555603027344,0,0,1
484,0,1,0.125,0.004782315343618393,0,0,1
485,0,1,0.25,0.007900238037109375,0,0,1
486,0,1,0.25,0.004879474639892578,0,0,1
487,0,1,0.25,0.00721132755279541,0,0,1
488,0,1,0.125,0.005036830902099609,0,7,7
488,1,1,0.625,0.15685081481933594,0,7,7
488,2,1,0.6875,0.1976318359375,0,7,7
488,3,1,0.8125,0.19045639038085938,0,7,7
488,4,1,0.65625,0.18085527420043945,0,7,7
488,5,1,0.75,0.16246414184570312,0,7,7
488,6,1,0.40625,0.09129035472869873,0,7,7
489,0,1,0.25,0.0054607391357421875,0,0,1
490,0,1,0.25,0.0074346065521240234,0,0,1
491,0,1,0.25,0.007598876953125,0,7,7
491,1,1,0.75,0.17522239685058594,0,7,7
491,2,1,0.703125,0.18048787117004395,0,7,7
491,3,1,0.75,0.17519569396972656,0,7,7
491,4,1,0.859375,0.19652235507965088,0,7,7
491,5,1,0.5625,0.17091751098632812,0,7,7
491,6,1,0.5,0.09453964233398438,0,7,7
492,0,1,0.125,0.006639301776885986,0,0,1
493,0,1,0.125,0.00588679313659668,0,0,1
494,0,1,0.25,0.0098114013671875,0,0,1
495,0,1,0.125,0.00476837158203125,0,0,1
496,0,1,0.125,0.00775146484375,0,0,1
497,0,1,0.125,0.0067081451416015625,0,1,2
497,1,1,0.625,0.16679954528808594,0,1,2
498,0,1,0.125,0.008380413055419922,0,0,1
499,0,1,0.125,0.006031036376953125,0,0,1
500,0,1,0.125,0.0050907135009765625,0,0,1
501,0,1,0.125,0.005649566650390625,0,0,1
502,0,1,0.25,0.00585174560546875,0,2,3
502,1,1,0.75,0.18889856338500977,0,2,3
502,2,1,0.5,0.1481623649597168,0,2,3
503,0,1,0.125,0.005758523941040039,0,0,1
504,0,1,0.25,0.006623744964599609,0,0,1
505,0,1,0.125,0.0051670074462890625,0,0,1
506,0,1,0.25,0.0069179534912109375,0,0,1
507,0,1,0.125,0.007098197937011719,0,0,1
508,0,1,0.125,0.00485992431640625,0,7,7
508,1,1,0.875,0.18509531021118164,0,7,7
508,2,1,0.6875,0.18181085586547852,0,7,7
508,3,1,0.75,0.19372844696044922,0,7,7
508,4,1,0.703125,0.1781139373779297,0,7,7
508,5,1,0.59375,0.17277240753173828,0,7,7
508,6,1,0.4140625,0.11674356460571289,0,7,7
509,0,1,0.125,0.0062255859375,0,0,1
510,0,1,0.125,0.005481719970703125,0,4,5
510,1,1,0.5625,0.14306506514549255,0,4,5
510,2,1,0.5,0.14729785919189453,0,4,5
510,3,1,0.828125,0.20871734619140625,0,4,5
510,4,1,0.7890625,0.20026445388793945,0,4,5
511,0,1,0.25,0.006072998046875,0,0,1
512,0,1,0.0625,0.004167079925537109,0,0,1
513,0,1,0.125,0.0069522857666015625,0,4,5
513,1,1,0.5625,0.13837814331054688,0,4,5
513,2,1,0.5390625,0.15244555473327637,0,4,5
513,3,1,0.8828125,0.2386646270751953,0,4,5
513,4,1,0.828125,0.17836937308311462,0,4,5
514,0,1,0.125,0.008964359760284424,0,2,3
514,1,1,0.46875,0.12535691261291504,0,2,3
514,2,1,0.59375,0.1943366527557373,0,2,3
515,0,1,0.0625,0.004467010498046875,0,7,7
515,1,1,0.5,0.11575651168823242,0,7,7
515,2,1,0.75,0.20985031127929688,0,7,7
515,3,1,0.78125,0.22107696533203125,0,7,7
515,4,1,0.875,0.20107126235961914,0,7,7
515,5,1,0.6875,0.19073867797851562,0,7,7
515,6,1,0.5,0.11663818359375,0,7,7
516,0,1,0.125,0.0057525634765625,0,0,1
517,0,1,0.125,0.0061206817626953125,0,0,1
518,0,1,0.125,0.005441516637802124,0,2,3
518,1,1,0.5,0.1144416332244873,0,2,3
518,2,1,0.53125,0.1130363941192627,0,2,3
519,0,1,0.25,0.007415771484375,0,0,1
520,0,1,0.125,0.0075531005859375,0,0,1
521,0,1,0.125,0.0056324005126953125,0,0,1
522,0,1,0.125,0.005789518356323242,0,1,2
522,1,1,0.5625,0.15418601036071777,0,1,2
523,0,1,0.125,0.008170127868652344,0,0,1
524,0,1,0.125,0.00766754150390625,0,0,1
525,0,1,0.125,0.005545675754547119,0,0,1
526,0,1,0.125,0.005581855773925781,0,0,1
527,0,1,0.125,0.006344795227050781,0,0,1
528,0,1,0.125,0.006923675537109375,0,2,3
528,1,1,0.5,0.13672339916229248,0,2,3
528,2,1,0.625,0.16418933868408203,0,2,3
529,0,1,0.25,0.009241104125976562,0,7,7
529,1,1,0.5625,0.16593098640441895,0,7,7
529,2,1,0.8125,0.20106887817382812,0,7,7
529,3,1,0.8515625,0.23669719696044922,0,7,7
529,4,1,0.84375,0.20453786849975586,0,7,7
529,5,1,0.640625,0.15893936157226562,0,7,7
529,6,1,0.375,0.11702299118041992,0,7,7
530,0,1,0.125,0.005237579345703125,0,7,7
530,1,1,0.46875,0.14152145385742188,0,7,7
530,2,1,0.65625,0.20107126235961914,0,7,7
530,3,1,0.90625,0.23809194564819336,0,7,7
530,4,1,0.5,0.15851783752441406,0,7,7
530,5,1,0.6875,0.16224336624145508,0,7,7
530,6,1,0.5,0.12487161159515381,0,7,7
531,0,1,0.125,0.0071563720703125,0,0,1
532,0,1,0.125,0.00762176513671875,0,0,1
533,0,1,0.125,0.0070209503173828125,0,0,1
534,0,1,0.125,0.007534980773925781,0,0,1
535,0,1,0.125,0.007860183715820312,0,3,4
535,1,1,0.875,0.18961811065673828,0,3,4
535,2,1,0.5,0.14129826426506042,0,3,4
535,3,1,0.6484375,0.19923174381256104,0,3,4
536,0,1,0.125,0.00685805082321167,0,0,1
537,0,0,0.125,0.008957624435424805,0,0,1
538,0,1,0.125,0.009822368621826172,0,0,1
539,0,1,0.125,0.008809566497802734,0,4,5
539,1,1,0.75,0.17406654357910156,0,4,5
539,2,1,0.875,0.15302419662475586,0,4,5
539,3,1,0.5625,0.1862838864326477,0,4,5
539,4,1,1.125,0.22954559326171875,0,4,5
540,0,1,0.125,0.0068511962890625,0,4,5
540,1,1,0.546875,0.15627551078796387,0,4,5
540,2,1,0.6875,0.16150474548339844,0,4,5
540,3,1,0.625,0.1917877197265625,0,4,5
540,4,1,0.625,0.17451858520507812,0,4,5
541,0,1,0.125,0.006374359130859375,0,0,1
542,0,1,0.125,0.005841255187988281,0,0,1
543,0,1,0.125,0.005761146545410156,0,7,7
543,1,1,0.625,0.16353368759155273,0,7,7
543,2,1,0.6875,0.16080379486083984,0,7,7
543,3,1,0.8125,0.1790008544921875,0,7,7
543,4,1,1.125,0.21387577056884766,0,7,7
543,5,1,0.8359375,0.21292686462402344,0,7,7
543,6,1,0.4423828125,0.12080657482147217,0,7,7
544,0,1,0.125,0.004608154296875,0,0,1
545,0,1,0.125,0.0069427490234375,0,1,2
545,1,1,0.92578125,0.21278953552246094,0,1,2
546,0,1,0.125,0.007550954818725586,0,0,1
547,0,1,0.125,0.006500244140625,0,0,1
548,0,1,0.125,0.006352424621582031,0,1,2
548,1,1,0.5625,0.1290532350540161,0,1,2
549,0,1,0.125,0.0064716339111328125,0,7,7
549,1,1,0.4375,0.09804821014404297,0,7,7
549,2,1,0.875,0.24865466356277466,0,7,7
549,3,1,0.8125,0.15721940994262695,0,7,7
549,4,1,0.5625,0.17159557342529297,0,7,7
549,5,1,0.625,0.15713214874267578,0,7,7
549,6,1,0.40625,0.11641168594360352,0,7,7
550,0,1,0.125,0.005306243896484375,0,0,1
551,0,1,0.0625,0.0036563873291015625,0,0,1
552,0,1,0.125,0.00467681884765625,0,7,7
552,1,1,0.75,0.2250075340270996,0,7,7
552,2,1,0.859375,0.1966700553894043,0,7,7
552,3,1,0.875,0.17622238397598267,0,7,7
552,4,1,0.892578125,0.22063899040222168,0,7,7
552,5,1,0.8125,0.1554269790649414,0,7,7
552,6,1,0.4375,0.11372613906860352,0,7,7
553,0,1,0.125,0.00507354736328125,0,0,1
554,0,1,0.125,0.004638671875,0,0,1
555,0,1,0.125,0.0063037872314453125,0,0,1
556,0,1,0.125,0.0052509307861328125,0,7,7
556,1,1,0.5,0.12209033966064453,0,7,7
556,2,1,0.78125,0.17857742309570312,0,7,7
556,3,1,0.8125,0.19760704040527344,0,7,7
556,4,1,0.609375,0.15333867073059082,0,7,7
556,5,1,0.6875,0.16915130615234375,0,7,7
556,6,1,0.359375,0.08808755874633789,0,7,7
557,0,1,0.125,0.00484466552734375,0,0,1
558,0,1,0.125,0.00959014892578125,0,0,1
559,0,1,0.125,0.007378578186035156,0,0,1
560,0,1,0.125,0.005967617034912109,0,1,2
560,1,1,0.625,0.18974876403808594,0,1,2
561,0,1,0.125,0.007809638977050781,0,0,1
562,0,1,0.125,0.005938410758972168,0,4,5
562,1,1,0.6787109375,0.2231121063232422,0,4,5
562,2,1,0.6875,0.19608116149902344,0,4,5
562,3,1,0.53125,0.1481311321258545,0,4,5
562,4,1,0.796875,0.18940436840057373,0,4,5
563,0,1,0.125,0.004770755767822266,0,0,1
564,0,1,0.125,0.006200671195983887,0,0,1
565,0,1,0.125,0.0061511993408203125,0,0,1
566,0,1,0.125,0.004235267639160156,0,0,1
567,0,1,0.125,0.004746913909912109,0,0,1
568,0,1,0.125,0.0046539306640625,0,0,1
569,0,1,0.125,0.004869937896728516,0,0,1
570,0,1,0.0625,0.004359841346740723,0,1,2
570,1,1,0.84375,0.23501062393188477,0,1,2
571,0,1,0.125,0.0064449310302734375,0,1,2
571,1,1,0.625,0.16870594024658203,0,1,2
572,0,1,0.125,0.005837202072143555,0,2,3
572,1,1,0.546875,0.16142654418945312,0,2,3
572,2,1,0.875,0.21811938285827637,0,2,3
573,0,1,0.125,0.005137443542480469,0,1,2
573,1,1,0.75,0.19895458221435547,0,1,2
574,0,1,0.125,0.0053558349609375,0,0,1
575,0,1,0.125,0.005741119384765625,0,0,1
576,0,1,0.125,0.0070953369140625,0,0,1
577,0,1,0.125,0.006107330322265625,0,5,6
577,1,1,0.75,0.2033843994140625,0,5,6
577,2,1,0.625,0.1572866439819336,0,5,6
577,3,1,0.64453125,0.1613612174987793,0,5,6
577,4,1,0.875,0.221923828125,0,5,6
577,5,1,0.640625,0.16839313507080078,0,5,6
578,0,1,0.125,0.004730880260467529,0,4,5
578,1,1,0.6875,0.1898598074913025,0,4,5
578,2,1,0.875,0.2407073974609375,0,4,5
578,3,1,0.5625,0.16570472717285156,0,4,5
578,4,1,0.9140625,0.22083091735839844,0,4,5
579,0,1,0.125,0.00616765022277832,0,1,2
579,1,1,0.625,0.17217063903808594,0,1,2
580,0,1,0.125,0.005635261535644531,0,0,1
581,0,1,0.125,0.0049686431884765625,0,1,2
581,1,1,0.75,0.20014381408691406,0,1,2
582,0,1,0.125,0.00395280122756958,0,0,1
583,0,1,0.25,0.007007598876953125,0,2,3
583,1,1,0.5625,0.16544398665428162,0,2,3
583,2,1,0.625,0.1804509162902832,0,2,3
584,0,1,0.125,0.00533294677734375,0,2,3
584,1,1,0.66015625,0.1749286651611328,0,2,3
584,2,1,0.5,0.15768051147460938,0,2,3
585,0,1,0.125,0.004194736480712891,0,0,1
586,0,1,0.125,0.0059975385665893555,0,7,7
586,1,1,0.572265625,0.14229702949523926,0,7,7
586,2,1,0.755859375,0.1767582893371582,0,7,7
586,3,1,0.53125,0.1608271598815918,0,7,7
586,4,1,0.5625,0.1350250244140625,0,7,7
586,5,1,0.90625,0.20159101486206055,0,7,7
586,6,1,0.4765625,0.11422380805015564,0,7,7
587,0,1,0.125,0.0058536529541015625,0,0,1
588,0,1,0.125,0.004528045654296875,0,0,1
589,0,1,0.125,0.007287263870239258,0,7,7
589,1,1,0.65625,0.15960025787353516,0,7,7
589,2,1,0.625,0.1590895652770996,0,7,7
589,3,1,0.796875,0.21178054809570312,0,7,7
589,4,1,0.625,0.2019195556640625,0,7,7
589,5,1,0.875,0.18033313751220703,0,7,7
589,6,1,0.625,0.1511826515197754,0,7,7
590,0,1,0.125,0.0064754486083984375,0,7,7
590,1,1,0.625,0.16356658935546875,0,7,7
590,2,1,0.6875,0.18509864807128906,0,7,7
590,3,1,0.71875,0.16469383239746094,0,7,7
590,4,1,0.875,0.2166118621826172,0,7,7
590,5,1,0.875,0.18213963508605957,0,7,7
590,6,1,0.5,0.12739944458007812,0,7,7
591,0,1,0.125,0.00687408447265625,0,0,1
592,0,1,0.125,0.0054912567138671875,0,0,1
593,0,1,0.125,0.006371498107910156,0,0,1
594,0,1,0.125,0.0053253173828125,0,2,3
594,1,1,0.625,0.18676972389221191,0,2,3
594,2,1,1.0,0.217529296875,0,2,3
595,0,1,0.125,0.007236480712890625,0,1,2
595,1,1,0.75,0.21903885900974274,0,1,2
596,0,1,0.125,0.006175994873046875,0,0,1
597,0,1,0.125,0.006011962890625,0,0,1
598,0,1,0.125,0.0038890838623046875,0,0,1
599,0,1,0.125,0.006317615509033203,0,0,1
600,0,1,0.125,0.00572967529296875,0,0,1
601,0,1,0.125,0.009173095226287842,0,1,2
601,1,1,0.6875,0.16719961166381836,0,1,2
602,0,1,0.125,0.0062007904052734375,0,0,1
603,0,1,0.125,0.00598907470703125,0,0,1
604,0,1,0.25,0.007110595703125,0,0,1
605,0,1,0.125,0.0041046142578125,0,0,1
606,0,1,0.125,0.0064892396330833435,0,0,1
607,0,1,0.0625,0.0033740997314453125,0,2,3
607,1,1,0.515625,0.15029335021972656,0,2,3
607,2,1,0.53125,0.14951133728027344,0,2,3
608,0,1,0.125,0.0055599212646484375,0,2,3
608,1,1,0.6015625,0.20812225341796875,0,2,3
608,2,1,0.6875,0.169403076171875,0,2,3
609,0,1,0.125,0.005664825439453125,0,2,3
609,1,1,0.71875,0.17291927337646484,0,2,3
609,2,1,0.78125,0.1795177459716797,0,2,3
610,0,1,0.0625,0.004553794860839844,0,2,3
610,1,1,0.5,0.1319441795349121,0,2,3
610,2,1,0.75,0.19689226150512695,0,2,3
611,0,1,0.125,0.005179271101951599,0,0,1
612,0,1,0.125,0.005598902702331543,0,0,1
613,0,1,0.125,0.006258964538574219,0,0,1
614,0,1,0.125,0.00420302152633667,0,4,5
614,1,1,0.75,0.20592546463012695,0,4,5
614,2,1,0.90625,0.19023656845092773,0,4,5
614,3,1,0.75,0.2306222915649414,0,4,5
614,4,1,0.625,0.17743968963623047,0,4,5
615,0,1,0.125,0.005578875541687012,0,1,2
615,1,1,1.02734375,0.23696041107177734,0,1,2
616,0,1,0.125,0.0053424835205078125,0,0,1
617,0,1,0.0625,0.004856109619140625,0,0,1
618,0,1,0.0625,0.004658788442611694,0,2,3
618,1,1,0.84375,0.282135009765625,0,2,3
618,2,1,0.78125,0.18700408935546875,0,2,3
619,0,1,0.0625,0.004511833190917969,0,0,1
620,0,1,0.125,0.00469660758972168,0,0,1
621,0,1,0.125,0.0057697296142578125,0,0,1
622,0,1,0.125,0.0047893524169921875,0,7,7
622,1,1,0.53125,0.14670991897583008,0,7,7
622,2,1,0.453125,0.13817739486694336,0,7,7
622,3,1,0.5625,0.1560211181640625,0,7,7
622,4,1,0.65625,0.17525100708007812,0,7,7
622,5,1,0.625,0.1917133331298828,0,7,7
622,6,1,0.34375,0.09820747375488281,0,7,7
623,0,1,0.125,0.005168914794921875,0,5,7
623,1,1,0.5625,0.18009281158447266,0,5,7
623,2,1,0.6875,0.14585113525390625,0,5,7
623,3,1,0.6875,0.21052932739257812,0,5,7
623,4,1,0.734375,0.19154715538024902,0,5,7
623,5,0,0.703125,0.189239501953125,0,5,7
623,6,1,0.40625,0.09312868118286133,0,5,7
624,0,1,0.0625,0.003907680511474609,2,7,5
624,1,1,0.828125,0.16925811767578125,2,7,5
624,2,1,0.421875,0.1259908676147461,2,7,5
624,3,1,0.59375,0.16030502319335938,2,7,5
624,4,0,0.6875,0.1408982276916504,2,7,5
625,0,1,0.125,0.0044460296630859375,0,2,3
625,1,1,0.625,0.16540145874023438,0,2,3
625,2,1,0.53515625,0.1314954161643982,0,2,3
626,0,1,0.0625,0.004126548767089844,0,1,2
626,1,1,0.5625,0.16635560989379883,0,1,2
627,0,1,0.125,0.004791259765625,0,0,1
628,0,1,0.0625,0.004322052001953125,0,0,1
629,0,1,0.125,0.0054683685302734375,0,0,1
630,0,1,0.0625,0.0043010711669921875,0,7,7
630,1,1,0.9609375,0.1754840612411499,0,7,7
630,2,1,0.84375,0.21933865547180176,0,7,7
630,3,1,0.7265625,0.18395423889160156,0,7,7
630,4,1,0.5,0.1465291976928711,0,7,7
630,5,1,0.625,0.17365023493766785,0,7,7
630,6,1,0.5,0.12757623195648193,0,7,7
631,0,1,0.125,0.005040168762207031,0,0,1
632,0,1,0.125,0.005995750427246094,0,0,1
633,0,1,0.125,0.0057010650634765625,0,0,1
634,0,1,0.0625,0.0034236907958984375,0,1,2
634,1,1,0.853515625,0.17964601516723633,0,1,2
635,0,1,0.125,0.0052032470703125,0,1,2
635,1,1,0.5625,0.17084789276123047,0,1,2
636,0,1,0.125,0.005788326263427734,0,1,2
636,1,1,0.8125,0.19072413444519043,0,1,2
637,0,1,0.125,0.006453454494476318,0,7,7
637,1,1,0.625,0.17514991760253906,0,7,7
637,2,1,0.5625,0.15453529357910156,0,7,7
637,3,1,0.703125,0.23038482666015625,0,7,7
637,4,1,0.6884765625,0.17679309844970703,0,7,7
637,5,1,0.8125,0.23326826095581055,0,7,7
637,6,1,0.3125,0.10148096084594727,0,7,7
638,0,1,0.125,0.00603485107421875,0,1,2
638,1,1,0.8125,0.185943603515625,0,1,2
639,0,1,0.0625,0.004375934600830078,0,1,2
639,1,1,0.8125,0.18778753280639648,0,1,2
640,0,1,0.0625,0.004317045211791992,0,0,1
641,0,1,0.125,0.00487518310546875,0,7,7
641,1,1,0.75,0.21576499938964844,0,7,7
641,2,1,0.4921875,0.13741016387939453,0,7,7
641,3,1,0.7890625,0.20574951171875,0,7,7
641,4,1,0.71484375,0.20046520233154297,0,7,7
641,5,1,0.8125,0.21293258666992188,0,7,7
641,6,1,0.4375,0.10630464553833008,0,7,7
642,0,1,0.125,0.0056362152099609375,0,7,7
642,1,1,0.7421875,0.17258167266845703,0,7,7
642,2,1,0.7109375,0.2082357406616211,0,7,7
642,3,1,0.625,0.17795467376708984,0,7,7
642,4,1,0.75,0.2466503381729126,0,7,7
642,5,1,0.931640625,0.19828343391418457,0,7,7
642,6,1,0.3125,0.09128981828689575,0,7,7
643,0,1,0.125,0.005567073822021484,0,0,1
644,0,1,0.125,0.004334926605224609,0,7,7
644,1,1,0.78125,0.19590330123901367,0,7,7
644,2,1,0.626953125,0.17689275741577148,0,7,7
644,3,1,0.796875,0.16318202018737793,0,7,7
644,4,1,0.625,0.19199436902999878,0,7,7
644,5,1,0.6875,0.23016643524169922,0,7,7
644,6,1,0.4296875,0.10515213012695312,0,7,7
645,0,1,0.25,0.004904747009277344,0,0,1
646,0,1,0.0625,0.0038204193115234375,0,0,1
647,0,1,0.125,0.004857540130615234,0,1,2
647,1,1,0.546875,0.15144753456115723,0,1,2
648,0,1,0.25,0.0057544708251953125,0,1,2
648,1,1,0.6875,0.19474411010742188,0,1,2
649,0,1,0.0625,0.00463104248046875,0,0,1
650,0,1,0.125,0.0059032440185546875,0,2,3
650,1,1,0.53125,0.16160869598388672,0,2,3
650,2,1,0.5135498046875,0.12804317474365234,0,2,3
651,0,1,0.125,0.006252288818359375,0,1,2
651,1,1,0.40625,0.12331008911132812,0,1,2
652,0,1,0.125,0.005717277526855469,0,1,2
652,1,1,0.5,0.11437749862670898,0,1,2
653,0,1,0.25,0.0060214996337890625,0,1,2
653,1,1,0.375,0.12317848205566406,0,1,2
654,0,1,0.125,0.0055389404296875,0,2,3
654,1,1,0.53125,0.13785409927368164,0,2,3
654,2,1,0.828125,0.24825572967529297,0,2,3
655,0,1,0.125,0.0049915313720703125,0,1,2
655,1,1,0.5,0.11472415924072266,0,1,2
656,0,1,0.125,0.006398200988769531,0,1,2
656,1,1,0.5,0.1352384090423584,0,1,2
657,0,1,0.125,0.003433704376220703,0,1,2
657,1,1,0.5625,0.1607208251953125,0,1,2
658,0,1,0.125,0.008413314819335938,0,0,1
659,0,1,0.125,0.005950421094894409,0,0,1
660,0,1,0.125,0.00569915771484375,0,0,1
661,0,1,0.125,0.006451606750488281,0,0,1
662,0,1,0.125,0.005382537841796875,0,0,1
663,0,1,0.125,0.0058460235595703125,0,0,1
664,0,1,0.125,0.0046329498291015625,0,1,2
664,1,1,0.625,0.17955875396728516,0,1,2
665,0,1,0.125,0.006290435791015625,0,0,1
666,0,1,0.125,0.005356550216674805,0,0,1
667,0,1,0.125,0.006392002105712891,0,1,2
667,1,1,0.6875,0.19021034240722656,0,1,2
668,0,1,0.125,0.0038604736328125,0,0,1
669,0,1,0.125,0.005794525146484375,0,2,7
669,1,1,0.6875,0.2012920379638672,0,2,7
669,2,0,0.71875,0.1994248628616333,0,2,7
669,3,1,1.125,0.2551679015159607,0,2,7
669,4,1,0.8125,0.1753072738647461,0,2,7
669,5,1,0.78125,0.2041945457458496,0,2,7
669,6,1,0.44873046875,0.13253158330917358,0,2,7
670,0,1,0.125,0.0068187713623046875,0,0,1
671,0,1,0.125,0.004027366638183594,0,0,1
672,0,1,0.125,0.0067157745361328125,1,4,3
672,1,1,0.673828125,0.1833486557006836,1,4,3
672,2,0,0.8125,0.19632625579833984,1,4,3
673,0,1,0.125,0.005354404449462891,0,0,1
674,0,1,0.125,0.005860447883605957,0,1,2
674,1,1,0.4375,0.14271163940429688,0,1,2
675,0,1,0.125,0.005295991897583008,0,1,2
675,1,1,0.625,0.20749568939208984,0,1,2
676,0,1,0.125,0.003887176513671875,0,5,6
676,1,1,0.6484375,0.14615726470947266,0,5,6
676,2,1,0.703125,0.18497467041015625,0,5,6
676,3,1,0.8125,0.2311077117919922,0,5,6
676,4,1,0.75,0.23152589797973633,0,5,6
676,5,1,0.625,0.21439075469970703,0,5,6
677,0,1,0.125,0.0041961669921875,0,2,3
677,1,1,0.46875,0.1353321075439453,0,2,3
677,2,1,0.84375,0.197662353515625,0,2,3
678,0,1,0.125,0.007083415985107422,0,2,3
678,1,1,0.5625,0.16037940979003906,0,2,3
678,2,1,0.625,0.16582924127578735,0,2,3
679,0,1,0.0625,0.0035991668701171875,0,2,3
679,1,1,0.59375,0.16368865966796875,0,2,3
679,2,0,0.59375,0.1616528034210205,0,2,3
680,0,1,0.125,0.005455970764160156,0,1,2
680,1,1,0.625,0.14915084838867188,0,1,2
681,0,1,0.0625,0.00548553466796875,0,2,3
681,1,1,0.625,0.16297101974487305,0,2,3
681,2,1,0.6875,0.20212650299072266,0,2,3
682,0,1,0.0625,0.004275798797607422,0,1,2
682,1,1,0.625,0.14886236190795898,0,1,2
683,0,1,0.25,0.0050868988037109375,0,1,2
683,1,1,0.71875,0.20450332760810852,0,1,2
684,0,1,0.125,0.005442142486572266,0,1,2
684,1,1,0.65625,0.15166783332824707,0,1,2
685,0,1,0.125,0.0042514801025390625,0,1,2
685,1,1,0.71875,0.1682223081588745,0,1,2
686,0,1,0.125,0.005645751953125,0,3,4
686,1,1,0.94921875,0.39162445068359375,0,3,4
686,2,1,0.75,0.18970870971679688,0,3,4
686,3,1,1.2890625,0.2375662922859192,0,3,4
687,0,1,0.125,0.006426811218261719,0,0,1
688,0,1,0.125,0.0057735443115234375,0,0,1
689,0,1,0.125,0.0077877044677734375,0,0,1
690,0,1,0.125,0.004906892776489258,0,0,1
691,0,1,0.125,0.0061588287353515625,0,0,1
692,0,1,0.125,0.00455474853515625,0,4,5
692,1,1,0.609375,0.1743927001953125,0,4,5
692,2,1,0.5625,0.15831947326660156,0,4,5
692,3,1,0.623046875,0.1717686653137207,0,4,5
692,4,1,0.625,0.15152359008789062,0,4,5
693,0,1,0.125,0.006126463413238525,0,1,2
693,1,1,0.6875,0.1886730194091797,0,1,2
694,0,1,0.125,0.005233287811279297,0,1,4
694,1,0,0.5,0.12976551055908203,0,1,4
694,2,1,0.875,0.2017226219177246,0,1,4
694,3,1,0.9111328125,0.2160506248474121,0,1,4
695,0,1,0.0625,0.00431060791015625,0,0,1
696,0,1,0.125,0.003943443298339844,0,0,1
697,0,1,0.125,0.00531005859375,0,0,1
698,0,1,0.125,0.004642486572265625,0,1,2
698,1,1,1.125,0.2897934317588806,0,1,2
699,0,1,0.0625,0.0031175613403320312,0,2,3
699,1,1,0.84375,0.22054481506347656,0,2,3
699,2,0,0.953125,0.27785778045654297,0,2,3
700,0,1,0.125,0.004845976829528809,0,1,2
700,1,1,0.6875,0.1923065185546875,0,1,2
701,0,1,0.125,0.006360158324241638,0,2,3
701,1,1,0.5625,0.1592693328857422,0,2,3
701,2,1,0.900390625,0.20479589700698853,0,2,3
702,0,1,0.125,0.0031130313873291016,0,0,1
703,0,1,0.125,0.00560760498046875,0,0,1
704,0,1,0.125,0.004755973815917969,0,0,1
705,0,1,0.25,0.008334219455718994,0,0,1
706,0,1,0.125,0.0065135955810546875,0,0,1
707,0,1,0.125,0.0046062469482421875,0,0,1
708,0,1,0.125,0.0051898956298828125,0,1,2
708,1,1,0.7578125,0.1700131893157959,0,1,2
709,0,1,0.125,0.007970809936523438,0,0,1
710,0,1,0.125,0.007793426513671875,0,0,1
711,0,1,0.125,0.0076236724853515625,0,2,3
711,1,1,0.875,0.20632362365722656,0,2,3
711,2,1,0.9375,0.19810307025909424,0,2,3
712,0,1,0.125,0.005168914794921875,0,3,4
712,1,1,0.8125,0.19062066078186035,0,3,4
712,2,1,0.6875,0.16214752197265625,0,3,4
712,3,1,0.765625,0.20787560939788818,0,3,4
713,0,1,0.125,0.006349325180053711,0,0,1
714,0,1,0.125,0.00589752197265625,0,1,2
714,1,1,0.818359375,0.19022703170776367,0,1,2
715,0,1,0.125,0.0059604644775390625,0,0,1
716,0,1,0.125,0.004876136779785156,0,0,1
717,0,1,0.125,0.0045490264892578125,0,1,2
717,1,1,0.6875,0.1688767671585083,0,1,2
718,0,1,0.25,0.00760650634765625,0,3,4
718,1,1,0.640625,0.18579864501953125,0,3,4
718,2,1,0.6875,0.2018146514892578,0,3,4
718,3,1,1.0,0.16959619522094727,0,3,4
719,0,1,0.125,0.007335662841796875,0,1,2
719,1,1,0.5625,0.15636157989501953,0,1,2
720,0,1,0.125,0.006153106689453125,0,1,2
720,1,1,0.5625,0.17170143127441406,0,1,2
721,0,1,0.125,0.006389826536178589,0,0,1
722,0,1,0.125,0.0102996826171875,0,0,1
723,0,1,0.125,0.009144783020019531,0,1,2
723,1,1,0.71875,0.19532477855682373,0,1,2
724,0,1,0.125,0.005442619323730469,0,1,2
724,1,1,0.625,0.1673949956893921,0,1,2
725,0,1,0.125,0.00738525390625,0,1,2
725,1,1,0.75,0.26303672790527344,0,1,2
726,0,1,0.25,0.006633758544921875,0,1,2
726,1,1,0.609375,0.13998651504516602,0,1,2
727,0,1,0.125,0.005611419677734375,0,4,5
727,1,1,0.5625,0.17320209741592407,0,4,5
727,2,1,0.6875,0.18976593017578125,0,4,5
727,3,1,0.875,0.17517471313476562,0,4,5
727,4,1,1.0234375,0.22535300254821777,0,4,5
728,0,1,0.125,0.0075225830078125,0,1,2
728,1,1,0.8125,0.21282386779785156,0,1,2
729,0,1,0.25,0.009646892547607422,0,1,2
729,1,1,0.8125,0.29246968030929565,0,1,2
730,0,1,0.125,0.004924774169921875,0,4,5
730,1,1,0.75,0.17066192626953125,0,4,5
730,2,1,0.6875,0.19216108322143555,0,4,5
730,3,1,0.796875,0.211212158203125,0,4,5
730,4,1,0.75,0.20545482635498047,0,4,5
731,0,1,0.125,0.003679513931274414,0,2,3
731,1,1,0.75,0.21142315864562988,0,2,3
731,2,1,0.671875,0.20929455757141113,0,2,3
732,0,1,0.125,0.004148960113525391,0,1,2
732,1,1,0.625,0.22736358642578125,0,1,2
733,0,1,0.125,0.007244110107421875,0,1,2
733,1,1,0.625,0.14754104614257812,0,1,2
734,0,1,0.125,0.006207466125488281,0,1,2
734,1,1,0.875,0.19643402099609375,0,1,2
735,0,1,0.125,0.008185863494873047,0,2,3
735,1,1,0.75,0.1802997589111328,0,2,3
735,2,1,0.71875,0.18741893768310547,0,2,3
736,0,1,0.125,0.00756072998046875,0,0,1
737,0,1,0.125,0.0059108734130859375,0,0,1
738,0,1,0.125,0.008503913879394531,0,0,1
739,0,1,0.125,0.00634765625,0,1,2
739,1,1,0.5625,0.1678752899169922,0,1,2
740,0,1,0.125,0.005687236785888672,0,1,2
740,1,1,0.625,0.22028827667236328,0,1,2
741,0,1,0.125,0.005033016204833984,0,1,2
741,1,1,0.625,0.17624300718307495,0,1,2
742,0,1,0.125,0.0057220458984375,0,1,2
742,1,1,0.8125,0.19854021072387695,0,1,2
743,0,1,0.125,0.009197235107421875,0,0,1
744,0,1,0.125,0.005623817443847656,0,0,1
745,0,1,0.125,0.01117706298828125,0,0,1
746,0,1,0.125,0.006683349609375,0,5,7
746,1,1,0.875,0.24557173252105713,0,5,7
746,2,1,0.6875,0.18407464027404785,0,5,7
746,3,1,0.9375,0.21154308319091797,0,5,7
746,4,1,0.75,0.19402480125427246,0,5,7
746,5,0,0.6875,0.2098369598388672,0,5,7
746,6,1,0.4375,0.13141083717346191,0,5,7
747,0,1,0.125,0.00799560546875,0,5,6
747,1,1,0.859375,0.2562398910522461,0,5,6
747,2,1,0.71875,0.2000408172607422,0,5,6
747,3,1,0.75,0.19183349609375,0,5,6
747,4,1,0.703125,0.20293760299682617,0,5,6
747,5,1,0.71875,0.21431207656860352,0,5,6
748,0,1,0.125,0.007312774658203125,0,1,2
748,1,1,0.625,0.2088603973388672,0,1,2
749,0,1,0.125,0.009679794311523438,0,1,2
749,1,1,0.732421875,0.1962747573852539,0,1,2
750,0,1,0.125,0.006319999694824219,0,1,2
750,1,1,0.875,0.19077587127685547,0,1,2
751,0,1,0.125,0.005299568176269531,0,2,3
751,1,1,0.7421875,0.18068408966064453,0,2,3
751,2,1,0.98046875,0.3123183250427246,0,2,3
752,0,1,0.125,0.0046405792236328125,0,0,1
753,0,1,0.125,0.005580902099609375,0,0,1
754,0,1,0.125,0.00457763671875,0,1,2
754,1,1,0.75,0.20757675170898438,0,1,2
755,0,1,0.125,0.005816221237182617,0,4,5
755,1,1,0.65625,0.1511789858341217,0,4,5
755,2,1,0.625,0.20005178451538086,0,4,5
755,3,1,0.65625,0.17350006103515625,0,4,5
755,4,1,0.6640625,0.1874523162841797,0,4,5
756,0,1,0.125,0.005414009094238281,0,0,1
757,0,1,0.125,0.009697914123535156,0,0,1
758,0,1,0.125,0.0072307586669921875,0,0,1
759,0,1,0.125,0.00763702392578125,0,0,1
760,0,1,0.125,0.0077817440032958984,0,0,1
761,0,1,0.25,0.005619049072265625,0,0,1
762,0,1,0.125,0.007200717926025391,0,1,2
762,1,1,0.9375,0.22307097911834717,0,1,2
763,0,1,0.125,0.006104946136474609,0,1,2
763,1,1,1.125,0.2931246757507324,0,1,2
764,0,1,0.0625,0.00453639030456543,0,7,7
764,1,1,0.942626953125,0.303452730178833,0,7,7
764,2,1,0.6875,0.1806013584136963,0,7,7
764,3,1,0.6875,0.19339847564697266,0,7,7
764,4,1,0.9375,0.20364880561828613,0,7,7
764,5,1,0.984375,0.21691322326660156,0,7,7
764,6,1,0.5,0.12506389617919922,0,7,7
765,0,1,0.125,0.005171775817871094,0,1,2
765,1,1,0.9375,0.3047199249267578,0,1,2
766,0,1,0.125,0.0058345794677734375,0,0,1
767,0,1,0.0625,0.0039882659912109375,0,1,2
767,1,1,0.8125,0.19649696350097656,0,1,2
768,0,1,0.125,0.0067043304443359375,0,0,1
769,0,1,0.125,0.007775306701660156,0,0,1
770,0,1,0.125,0.0033969879150390625,0,1,2
770,1,1,0.875,0.2972773313522339,0,1,2
771,0,1,0.125,0.0076236724853515625,0,0,1
772,0,1,0.125,0.005148887634277344,0,0,1
773,0,1,0.125,0.0077533721923828125,0,1,2
773,1,1,0.625,0.16574716567993164,0,1,2
774,0,1,0.125,0.0053691864013671875,0,0,1
775,0,1,0.125,0.00518798828125,0,0,1
776,0,1,0.125,0.0085296630859375,0,0,1
777,0,1,0.125,0.00669705867767334,0,0,1
778,0,1,0.125,0.00649261474609375,0,0,1
